,op_max_wait_time,op_max_detour_time_factor,op_reservation_module,rq_type,op_rh_reservation_max_routes,op_short_term_horizon,op_module,sim_env,user_max_decision_time,scenario_name,rq_file,demand_folder,demand_type,demand_scalar,op_fleet_composition,op_vr_control_func_dict,sample,config_str
0,900,75,RollingHorizon,BasicRequest,50,900,PoolingIRSOnly,ImmediateDecisionsSimulation,0,greater_hellevoetsluis/planned/1.0/sample_0/IR_900_D+UT0.45_FB_4/,greater_hellevoetsluis/planned/1.0/sample_0.csv,greater_hellevoetsluis,reservation,1.0,flex_bus:4,func_key:distance_and_user_times;vot:0.45,sample_0,IR_900_D+UT0.45_FB_4
1,900,75,RollingHorizon,BasicRequest,50,900,PoolingIRSOnly,ImmediateDecisionsSimulation,0,greater_hellevoetsluis/planned/1.0/sample_1/IR_900_D+UT0.45_FB_4/,greater_hellevoetsluis/planned/1.0/sample_1.csv,greater_hellevoetsluis,reservation,1.0,flex_bus:4,func_key:distance_and_user_times;vot:0.45,sample_1,IR_900_D+UT0.45_FB_4
2,900,75,RollingHorizon,BasicRequest,50,900,PoolingIRSOnly,ImmediateDecisionsSimulation,0,greater_hellevoetsluis/planned/1.0/sample_2/IR_900_D+UT0.45_FB_4/,greater_hellevoetsluis/planned/1.0/sample_2.csv,greater_hellevoetsluis,reservation,1.0,flex_bus:4,func_key:distance_and_user_times;vot:0.45,sample_2,IR_900_D+UT0.45_FB_4
3,900,75,RollingHorizon,BasicRequest,50,900,PoolingIRSOnly,ImmediateDecisionsSimulation,0,greater_hellevoetsluis/planned/1.0/sample_3/IR_900_D+UT0.45_FB_4/,greater_hellevoetsluis/planned/1.0/sample_3.csv,greater_hellevoetsluis,reservation,1.0,flex_bus:4,func_key:distance_and_user_times;vot:0.45,sample_3,IR_900_D+UT0.45_FB_4
4,900,75,RollingHorizon,BasicRequest,50,900,PoolingIRSOnly,ImmediateDecisionsSimulation,0,greater_hellevoetsluis/planned/1.0/sample_4/IR_900_D+UT0.45_FB_4/,greater_hellevoetsluis/planned/1.0/sample_4.csv,greater_hellevoetsluis,reservation,1.0,flex_bus:4,func_key:distance_and_user_times;vot:0.45,sample_4,IR_900_D+UT0.45_FB_4
5,900,75,RollingHorizon,BasicRequest,50,900,PoolingIRSOnly,ImmediateDecisionsSimulation,0,greater_hellevoetsluis/planned/1.0/sample_5/IR_900_D+UT0.45_FB_4/,greater_hellevoetsluis/planned/1.0/sample_5.csv,greater_hellevoetsluis,reservation,1.0,flex_bus:4,func_key:distance_and_user_times;vot:0.45,sample_5,IR_900_D+UT0.45_FB_4
6,900,75,RollingHorizon,BasicRequest,50,900,PoolingIRSOnly,ImmediateDecisionsSimulation,0,greater_hellevoetsluis/planned/1.0/sample_6/IR_900_D+UT0.45_FB_4/,greater_hellevoetsluis/planned/1.0/sample_6.csv,greater_hellevoetsluis,reservation,1.0,flex_bus:4,func_key:distance_and_user_times;vot:0.45,sample_6,IR_900_D+UT0.45_FB_4
7,900,75,RollingHorizon,BasicRequest,50,900,PoolingIRSOnly,ImmediateDecisionsSimulation,0,greater_hellevoetsluis/planned/1.0/sample_7/IR_900_D+UT0.45_FB_4/,greater_hellevoetsluis/planned/1.0/sample_7.csv,greater_hellevoetsluis,reservation,1.0,flex_bus:4,func_key:distance_and_user_times;vot:0.45,sample_7,IR_900_D+UT0.45_FB_4
8,900,75,RollingHorizon,BasicRequest,50,900,PoolingIRSOnly,ImmediateDecisionsSimulation,0,greater_hellevoetsluis/planned/1.0/sample_8/IR_900_D+UT0.45_FB_4/,greater_hellevoetsluis/planned/1.0/sample_8.csv,greater_hellevoetsluis,reservation,1.0,flex_bus:4,func_key:distance_and_user_times;vot:0.45,sample_8,IR_900_D+UT0.45_FB_4
9,900,75,RollingHorizon,BasicRequest,50,900,PoolingIRSOnly,ImmediateDecisionsSimulation,0,greater_hellevoetsluis/planned/1.0/sample_9/IR_900_D+UT0.45_FB_4/,greater_hellevoetsluis/planned/1.0/sample_9.csv,greater_hellevoetsluis,reservation,1.0,flex_bus:4,func_key:distance_and_user_times;vot:0.45,sample_9,IR_900_D+UT0.45_FB_4
10,900,75,RollingHorizon,BasicRequest,50,900,PoolingIRSOnly,ImmediateDecisionsSimulation,0,greater_hellevoetsluis/planned/1.0/sample_10/IR_900_D+UT0.45_FB_4/,greater_hellevoetsluis/planned/1.0/sample_10.csv,greater_hellevoetsluis,reservation,1.0,flex_bus:4,func_key:distance_and_user_times;vot:0.45,sample_10,IR_900_D+UT0.45_FB_4
11,900,75,RollingHorizon,BasicRequest,50,900,PoolingIRSOnly,ImmediateDecisionsSimulation,0,greater_hellevoetsluis/planned/1.0/sample_11/IR_900_D+UT0.45_FB_4/,greater_hellevoetsluis/planned/1.0/sample_11.csv,greater_hellevoetsluis,reservation,1.0,flex_bus:4,func_key:distance_and_user_times;vot:0.45,sample_11,IR_900_D+UT0.45_FB_4
12,900,75,RollingHorizon,BasicRequest,50,900,PoolingIRSOnly,ImmediateDecisionsSimulation,0,greater_hellevoetsluis/planned/1.0/sample_12/IR_900_D+UT0.45_FB_4/,greater_hellevoetsluis/planned/1.0/sample_12.csv,greater_hellevoetsluis,reservation,1.0,flex_bus:4,func_key:distance_and_user_times;vot:0.45,sample_12,IR_900_D+UT0.45_FB_4
13,900,75,RollingHorizon,BasicRequest,50,900,PoolingIRSOnly,ImmediateDecisionsSimulation,0,greater_hellevoetsluis/planned/1.0/sample_13/IR_900_D+UT0.45_FB_4/,greater_hellevoetsluis/planned/1.0/sample_13.csv,greater_hellevoetsluis,reservation,1.0,flex_bus:4,func_key:distance_and_user_times;vot:0.45,sample_13,IR_900_D+UT0.45_FB_4
14,900,75,RollingHorizon,BasicRequest,50,900,PoolingIRSOnly,ImmediateDecisionsSimulation,0,greater_hellevoetsluis/planned/1.0/sample_14/IR_900_D+UT0.45_FB_4/,greater_hellevoetsluis/planned/1.0/sample_14.csv,greater_hellevoetsluis,reservation,1.0,flex_bus:4,func_key:distance_and_user_times;vot:0.45,sample_14,IR_900_D+UT0.45_FB_4
15,900,75,RollingHorizon,BasicRequest,50,900,PoolingIRSOnly,ImmediateDecisionsSimulation,0,greater_hellevoetsluis/planned/1.0/sample_15/IR_900_D+UT0.45_FB_4/,greater_hellevoetsluis/planned/1.0/sample_15.csv,greater_hellevoetsluis,reservation,1.0,flex_bus:4,func_key:distance_and_user_times;vot:0.45,sample_15,IR_900_D+UT0.45_FB_4
16,900,75,RollingHorizon,BasicRequest,50,900,PoolingIRSOnly,ImmediateDecisionsSimulation,0,greater_hellevoetsluis/planned/1.0/sample_16/IR_900_D+UT0.45_FB_4/,greater_hellevoetsluis/planned/1.0/sample_16.csv,greater_hellevoetsluis,reservation,1.0,flex_bus:4,func_key:distance_and_user_times;vot:0.45,sample_16,IR_900_D+UT0.45_FB_4
17,900,75,RollingHorizon,BasicRequest,50,900,PoolingIRSOnly,ImmediateDecisionsSimulation,0,greater_hellevoetsluis/planned/1.0/sample_17/IR_900_D+UT0.45_FB_4/,greater_hellevoetsluis/planned/1.0/sample_17.csv,greater_hellevoetsluis,reservation,1.0,flex_bus:4,func_key:distance_and_user_times;vot:0.45,sample_17,IR_900_D+UT0.45_FB_4
18,900,75,RollingHorizon,BasicRequest,50,900,PoolingIRSOnly,ImmediateDecisionsSimulation,0,greater_hellevoetsluis/planned/1.0/sample_18/IR_900_D+UT0.45_FB_4/,greater_hellevoetsluis/planned/1.0/sample_18.csv,greater_hellevoetsluis,reservation,1.0,flex_bus:4,func_key:distance_and_user_times;vot:0.45,sample_18,IR_900_D+UT0.45_FB_4
19,900,75,RollingHorizon,BasicRequest,50,900,PoolingIRSOnly,ImmediateDecisionsSimulation,0,greater_hellevoetsluis/planned/1.0/sample_19/IR_900_D+UT0.45_FB_4/,greater_hellevoetsluis/planned/1.0/sample_19.csv,greater_hellevoetsluis,reservation,1.0,flex_bus:4,func_key:distance_and_user_times;vot:0.45,sample_19,IR_900_D+UT0.45_FB_4
20,900,75,RollingHorizon,BasicRequest,50,900,PoolingIRSOnly,ImmediateDecisionsSimulation,0,greater_hellevoetsluis/planned/1.0/sample_20/IR_900_D+UT0.45_FB_4/,greater_hellevoetsluis/planned/1.0/sample_20.csv,greater_hellevoetsluis,reservation,1.0,flex_bus:4,func_key:distance_and_user_times;vot:0.45,sample_20,IR_900_D+UT0.45_FB_4
21,900,75,RollingHorizon,BasicRequest,50,900,PoolingIRSOnly,ImmediateDecisionsSimulation,0,greater_hellevoetsluis/planned/1.0/sample_21/IR_900_D+UT0.45_FB_4/,greater_hellevoetsluis/planned/1.0/sample_21.csv,greater_hellevoetsluis,reservation,1.0,flex_bus:4,func_key:distance_and_user_times;vot:0.45,sample_21,IR_900_D+UT0.45_FB_4
22,900,75,RollingHorizon,BasicRequest,50,900,PoolingIRSOnly,ImmediateDecisionsSimulation,0,greater_hellevoetsluis/planned/1.0/sample_22/IR_900_D+UT0.45_FB_4/,greater_hellevoetsluis/planned/1.0/sample_22.csv,greater_hellevoetsluis,reservation,1.0,flex_bus:4,func_key:distance_and_user_times;vot:0.45,sample_22,IR_900_D+UT0.45_FB_4
23,900,75,RollingHorizon,BasicRequest,50,900,PoolingIRSOnly,ImmediateDecisionsSimulation,0,greater_hellevoetsluis/planned/1.0/sample_23/IR_900_D+UT0.45_FB_4/,greater_hellevoetsluis/planned/1.0/sample_23.csv,greater_hellevoetsluis,reservation,1.0,flex_bus:4,func_key:distance_and_user_times;vot:0.45,sample_23,IR_900_D+UT0.45_FB_4
24,900,75,RollingHorizon,BasicRequest,50,900,PoolingIRSOnly,ImmediateDecisionsSimulation,0,greater_hellevoetsluis/planned/1.0/sample_24/IR_900_D+UT0.45_FB_4/,greater_hellevoetsluis/planned/1.0/sample_24.csv,greater_hellevoetsluis,reservation,1.0,flex_bus:4,func_key:distance_and_user_times;vot:0.45,sample_24,IR_900_D+UT0.45_FB_4
25,900,75,RollingHorizon,BasicRequest,50,900,PoolingIRSOnly,ImmediateDecisionsSimulation,0,greater_hellevoetsluis/planned/1.0/sample_0/IR_900_D+UT0.45_FB_5/,greater_hellevoetsluis/planned/1.0/sample_0.csv,greater_hellevoetsluis,reservation,1.0,flex_bus:5,func_key:distance_and_user_times;vot:0.45,sample_0,IR_900_D+UT0.45_FB_5
26,900,75,RollingHorizon,BasicRequest,50,900,PoolingIRSOnly,ImmediateDecisionsSimulation,0,greater_hellevoetsluis/planned/1.0/sample_1/IR_900_D+UT0.45_FB_5/,greater_hellevoetsluis/planned/1.0/sample_1.csv,greater_hellevoetsluis,reservation,1.0,flex_bus:5,func_key:distance_and_user_times;vot:0.45,sample_1,IR_900_D+UT0.45_FB_5
27,900,75,RollingHorizon,BasicRequest,50,900,PoolingIRSOnly,ImmediateDecisionsSimulation,0,greater_hellevoetsluis/planned/1.0/sample_2/IR_900_D+UT0.45_FB_5/,greater_hellevoetsluis/planned/1.0/sample_2.csv,greater_hellevoetsluis,reservation,1.0,flex_bus:5,func_key:distance_and_user_times;vot:0.45,sample_2,IR_900_D+UT0.45_FB_5
28,900,75,RollingHorizon,BasicRequest,50,900,PoolingIRSOnly,ImmediateDecisionsSimulation,0,greater_hellevoetsluis/planned/1.0/sample_3/IR_900_D+UT0.45_FB_5/,greater_hellevoetsluis/planned/1.0/sample_3.csv,greater_hellevoetsluis,reservation,1.0,flex_bus:5,func_key:distance_and_user_times;vot:0.45,sample_3,IR_900_D+UT0.45_FB_5
29,900,75,RollingHorizon,BasicRequest,50,900,PoolingIRSOnly,ImmediateDecisionsSimulation,0,greater_hellevoetsluis/planned/1.0/sample_4/IR_900_D+UT0.45_FB_5/,greater_hellevoetsluis/planned/1.0/sample_4.csv,greater_hellevoetsluis,reservation,1.0,flex_bus:5,func_key:distance_and_user_times;vot:0.45,sample_4,IR_900_D+UT0.45_FB_5
30,900,75,RollingHorizon,BasicRequest,50,900,PoolingIRSOnly,ImmediateDecisionsSimulation,0,greater_hellevoetsluis/planned/1.0/sample_5/IR_900_D+UT0.45_FB_5/,greater_hellevoetsluis/planned/1.0/sample_5.csv,greater_hellevoetsluis,reservation,1.0,flex_bus:5,func_key:distance_and_user_times;vot:0.45,sample_5,IR_900_D+UT0.45_FB_5
31,900,75,RollingHorizon,BasicRequest,50,900,PoolingIRSOnly,ImmediateDecisionsSimulation,0,greater_hellevoetsluis/planned/1.0/sample_6/IR_900_D+UT0.45_FB_5/,greater_hellevoetsluis/planned/1.0/sample_6.csv,greater_hellevoetsluis,reservation,1.0,flex_bus:5,func_key:distance_and_user_times;vot:0.45,sample_6,IR_900_D+UT0.45_FB_5
32,900,75,RollingHorizon,BasicRequest,50,900,PoolingIRSOnly,ImmediateDecisionsSimulation,0,greater_hellevoetsluis/planned/1.0/sample_7/IR_900_D+UT0.45_FB_5/,greater_hellevoetsluis/planned/1.0/sample_7.csv,greater_hellevoetsluis,reservation,1.0,flex_bus:5,func_key:distance_and_user_times;vot:0.45,sample_7,IR_900_D+UT0.45_FB_5
33,900,75,RollingHorizon,BasicRequest,50,900,PoolingIRSOnly,ImmediateDecisionsSimulation,0,greater_hellevoetsluis/planned/1.0/sample_8/IR_900_D+UT0.45_FB_5/,greater_hellevoetsluis/planned/1.0/sample_8.csv,greater_hellevoetsluis,reservation,1.0,flex_bus:5,func_key:distance_and_user_times;vot:0.45,sample_8,IR_900_D+UT0.45_FB_5
34,900,75,RollingHorizon,BasicRequest,50,900,PoolingIRSOnly,ImmediateDecisionsSimulation,0,greater_hellevoetsluis/planned/1.0/sample_9/IR_900_D+UT0.45_FB_5/,greater_hellevoetsluis/planned/1.0/sample_9.csv,greater_hellevoetsluis,reservation,1.0,flex_bus:5,func_key:distance_and_user_times;vot:0.45,sample_9,IR_900_D+UT0.45_FB_5
35,900,75,RollingHorizon,BasicRequest,50,900,PoolingIRSOnly,ImmediateDecisionsSimulation,0,greater_hellevoetsluis/planned/1.0/sample_10/IR_900_D+UT0.45_FB_5/,greater_hellevoetsluis/planned/1.0/sample_10.csv,greater_hellevoetsluis,reservation,1.0,flex_bus:5,func_key:distance_and_user_times;vot:0.45,sample_10,IR_900_D+UT0.45_FB_5
36,900,75,RollingHorizon,BasicRequest,50,900,PoolingIRSOnly,ImmediateDecisionsSimulation,0,greater_hellevoetsluis/planned/1.0/sample_11/IR_900_D+UT0.45_FB_5/,greater_hellevoetsluis/planned/1.0/sample_11.csv,greater_hellevoetsluis,reservation,1.0,flex_bus:5,func_key:distance_and_user_times;vot:0.45,sample_11,IR_900_D+UT0.45_FB_5
37,900,75,RollingHorizon,BasicRequest,50,900,PoolingIRSOnly,ImmediateDecisionsSimulation,0,greater_hellevoetsluis/planned/1.0/sample_12/IR_900_D+UT0.45_FB_5/,greater_hellevoetsluis/planned/1.0/sample_12.csv,greater_hellevoetsluis,reservation,1.0,flex_bus:5,func_key:distance_and_user_times;vot:0.45,sample_12,IR_900_D+UT0.45_FB_5
38,900,75,RollingHorizon,BasicRequest,50,900,PoolingIRSOnly,ImmediateDecisionsSimulation,0,greater_hellevoetsluis/planned/1.0/sample_13/IR_900_D+UT0.45_FB_5/,greater_hellevoetsluis/planned/1.0/sample_13.csv,greater_hellevoetsluis,reservation,1.0,flex_bus:5,func_key:distance_and_user_times;vot:0.45,sample_13,IR_900_D+UT0.45_FB_5
39,900,75,RollingHorizon,BasicRequest,50,900,PoolingIRSOnly,ImmediateDecisionsSimulation,0,greater_hellevoetsluis/planned/1.0/sample_14/IR_900_D+UT0.45_FB_5/,greater_hellevoetsluis/planned/1.0/sample_14.csv,greater_hellevoetsluis,reservation,1.0,flex_bus:5,func_key:distance_and_user_times;vot:0.45,sample_14,IR_900_D+UT0.45_FB_5
40,900,75,RollingHorizon,BasicRequest,50,900,PoolingIRSOnly,ImmediateDecisionsSimulation,0,greater_hellevoetsluis/planned/1.0/sample_15/IR_900_D+UT0.45_FB_5/,greater_hellevoetsluis/planned/1.0/sample_15.csv,greater_hellevoetsluis,reservation,1.0,flex_bus:5,func_key:distance_and_user_times;vot:0.45,sample_15,IR_900_D+UT0.45_FB_5
41,900,75,RollingHorizon,BasicRequest,50,900,PoolingIRSOnly,ImmediateDecisionsSimulation,0,greater_hellevoetsluis/planned/1.0/sample_16/IR_900_D+UT0.45_FB_5/,greater_hellevoetsluis/planned/1.0/sample_16.csv,greater_hellevoetsluis,reservation,1.0,flex_bus:5,func_key:distance_and_user_times;vot:0.45,sample_16,IR_900_D+UT0.45_FB_5
42,900,75,RollingHorizon,BasicRequest,50,900,PoolingIRSOnly,ImmediateDecisionsSimulation,0,greater_hellevoetsluis/planned/1.0/sample_17/IR_900_D+UT0.45_FB_5/,greater_hellevoetsluis/planned/1.0/sample_17.csv,greater_hellevoetsluis,reservation,1.0,flex_bus:5,func_key:distance_and_user_times;vot:0.45,sample_17,IR_900_D+UT0.45_FB_5
43,900,75,RollingHorizon,BasicRequest,50,900,PoolingIRSOnly,ImmediateDecisionsSimulation,0,greater_hellevoetsluis/planned/1.0/sample_18/IR_900_D+UT0.45_FB_5/,greater_hellevoetsluis/planned/1.0/sample_18.csv,greater_hellevoetsluis,reservation,1.0,flex_bus:5,func_key:distance_and_user_times;vot:0.45,sample_18,IR_900_D+UT0.45_FB_5
44,900,75,RollingHorizon,BasicRequest,50,900,PoolingIRSOnly,ImmediateDecisionsSimulation,0,greater_hellevoetsluis/planned/1.0/sample_19/IR_900_D+UT0.45_FB_5/,greater_hellevoetsluis/planned/1.0/sample_19.csv,greater_hellevoetsluis,reservation,1.0,flex_bus:5,func_key:distance_and_user_times;vot:0.45,sample_19,IR_900_D+UT0.45_FB_5
45,900,75,RollingHorizon,BasicRequest,50,900,PoolingIRSOnly,ImmediateDecisionsSimulation,0,greater_hellevoetsluis/planned/1.0/sample_20/IR_900_D+UT0.45_FB_5/,greater_hellevoetsluis/planned/1.0/sample_20.csv,greater_hellevoetsluis,reservation,1.0,flex_bus:5,func_key:distance_and_user_times;vot:0.45,sample_20,IR_900_D+UT0.45_FB_5
46,900,75,RollingHorizon,BasicRequest,50,900,PoolingIRSOnly,ImmediateDecisionsSimulation,0,greater_hellevoetsluis/planned/1.0/sample_21/IR_900_D+UT0.45_FB_5/,greater_hellevoetsluis/planned/1.0/sample_21.csv,greater_hellevoetsluis,reservation,1.0,flex_bus:5,func_key:distance_and_user_times;vot:0.45,sample_21,IR_900_D+UT0.45_FB_5
47,900,75,RollingHorizon,BasicRequest,50,900,PoolingIRSOnly,ImmediateDecisionsSimulation,0,greater_hellevoetsluis/planned/1.0/sample_22/IR_900_D+UT0.45_FB_5/,greater_hellevoetsluis/planned/1.0/sample_22.csv,greater_hellevoetsluis,reservation,1.0,flex_bus:5,func_key:distance_and_user_times;vot:0.45,sample_22,IR_900_D+UT0.45_FB_5
48,900,75,RollingHorizon,BasicRequest,50,900,PoolingIRSOnly,ImmediateDecisionsSimulation,0,greater_hellevoetsluis/planned/1.0/sample_23/IR_900_D+UT0.45_FB_5/,greater_hellevoetsluis/planned/1.0/sample_23.csv,greater_hellevoetsluis,reservation,1.0,flex_bus:5,func_key:distance_and_user_times;vot:0.45,sample_23,IR_900_D+UT0.45_FB_5
49,900,75,RollingHorizon,BasicRequest,50,900,PoolingIRSOnly,ImmediateDecisionsSimulation,0,greater_hellevoetsluis/planned/1.0/sample_24/IR_900_D+UT0.45_FB_5/,greater_hellevoetsluis/planned/1.0/sample_24.csv,greater_hellevoetsluis,reservation,1.0,flex_bus:5,func_key:distance_and_user_times;vot:0.45,sample_24,IR_900_D+UT0.45_FB_5
50,900,75,RollingHorizon,BasicRequest,50,900,PoolingIRSOnly,ImmediateDecisionsSimulation,0,greater_hellevoetsluis/planned/1.0/sample_0/IR_900_D+UT0.45_FB_6/,greater_hellevoetsluis/planned/1.0/sample_0.csv,greater_hellevoetsluis,reservation,1.0,flex_bus:6,func_key:distance_and_user_times;vot:0.45,sample_0,IR_900_D+UT0.45_FB_6
51,900,75,RollingHorizon,BasicRequest,50,900,PoolingIRSOnly,ImmediateDecisionsSimulation,0,greater_hellevoetsluis/planned/1.0/sample_1/IR_900_D+UT0.45_FB_6/,greater_hellevoetsluis/planned/1.0/sample_1.csv,greater_hellevoetsluis,reservation,1.0,flex_bus:6,func_key:distance_and_user_times;vot:0.45,sample_1,IR_900_D+UT0.45_FB_6
52,900,75,RollingHorizon,BasicRequest,50,900,PoolingIRSOnly,ImmediateDecisionsSimulation,0,greater_hellevoetsluis/planned/1.0/sample_2/IR_900_D+UT0.45_FB_6/,greater_hellevoetsluis/planned/1.0/sample_2.csv,greater_hellevoetsluis,reservation,1.0,flex_bus:6,func_key:distance_and_user_times;vot:0.45,sample_2,IR_900_D+UT0.45_FB_6
53,900,75,RollingHorizon,BasicRequest,50,900,PoolingIRSOnly,ImmediateDecisionsSimulation,0,greater_hellevoetsluis/planned/1.0/sample_3/IR_900_D+UT0.45_FB_6/,greater_hellevoetsluis/planned/1.0/sample_3.csv,greater_hellevoetsluis,reservation,1.0,flex_bus:6,func_key:distance_and_user_times;vot:0.45,sample_3,IR_900_D+UT0.45_FB_6
54,900,75,RollingHorizon,BasicRequest,50,900,PoolingIRSOnly,ImmediateDecisionsSimulation,0,greater_hellevoetsluis/planned/1.0/sample_4/IR_900_D+UT0.45_FB_6/,greater_hellevoetsluis/planned/1.0/sample_4.csv,greater_hellevoetsluis,reservation,1.0,flex_bus:6,func_key:distance_and_user_times;vot:0.45,sample_4,IR_900_D+UT0.45_FB_6
55,900,75,RollingHorizon,BasicRequest,50,900,PoolingIRSOnly,ImmediateDecisionsSimulation,0,greater_hellevoetsluis/planned/1.0/sample_5/IR_900_D+UT0.45_FB_6/,greater_hellevoetsluis/planned/1.0/sample_5.csv,greater_hellevoetsluis,reservation,1.0,flex_bus:6,func_key:distance_and_user_times;vot:0.45,sample_5,IR_900_D+UT0.45_FB_6
56,900,75,RollingHorizon,BasicRequest,50,900,PoolingIRSOnly,ImmediateDecisionsSimulation,0,greater_hellevoetsluis/planned/1.0/sample_6/IR_900_D+UT0.45_FB_6/,greater_hellevoetsluis/planned/1.0/sample_6.csv,greater_hellevoetsluis,reservation,1.0,flex_bus:6,func_key:distance_and_user_times;vot:0.45,sample_6,IR_900_D+UT0.45_FB_6
57,900,75,RollingHorizon,BasicRequest,50,900,PoolingIRSOnly,ImmediateDecisionsSimulation,0,greater_hellevoetsluis/planned/1.0/sample_7/IR_900_D+UT0.45_FB_6/,greater_hellevoetsluis/planned/1.0/sample_7.csv,greater_hellevoetsluis,reservation,1.0,flex_bus:6,func_key:distance_and_user_times;vot:0.45,sample_7,IR_900_D+UT0.45_FB_6
58,900,75,RollingHorizon,BasicRequest,50,900,PoolingIRSOnly,ImmediateDecisionsSimulation,0,greater_hellevoetsluis/planned/1.0/sample_8/IR_900_D+UT0.45_FB_6/,greater_hellevoetsluis/planned/1.0/sample_8.csv,greater_hellevoetsluis,reservation,1.0,flex_bus:6,func_key:distance_and_user_times;vot:0.45,sample_8,IR_900_D+UT0.45_FB_6
59,900,75,RollingHorizon,BasicRequest,50,900,PoolingIRSOnly,ImmediateDecisionsSimulation,0,greater_hellevoetsluis/planned/1.0/sample_9/IR_900_D+UT0.45_FB_6/,greater_hellevoetsluis/planned/1.0/sample_9.csv,greater_hellevoetsluis,reservation,1.0,flex_bus:6,func_key:distance_and_user_times;vot:0.45,sample_9,IR_900_D+UT0.45_FB_6
60,900,75,RollingHorizon,BasicRequest,50,900,PoolingIRSOnly,ImmediateDecisionsSimulation,0,greater_hellevoetsluis/planned/1.0/sample_10/IR_900_D+UT0.45_FB_6/,greater_hellevoetsluis/planned/1.0/sample_10.csv,greater_hellevoetsluis,reservation,1.0,flex_bus:6,func_key:distance_and_user_times;vot:0.45,sample_10,IR_900_D+UT0.45_FB_6
61,900,75,RollingHorizon,BasicRequest,50,900,PoolingIRSOnly,ImmediateDecisionsSimulation,0,greater_hellevoetsluis/planned/1.0/sample_11/IR_900_D+UT0.45_FB_6/,greater_hellevoetsluis/planned/1.0/sample_11.csv,greater_hellevoetsluis,reservation,1.0,flex_bus:6,func_key:distance_and_user_times;vot:0.45,sample_11,IR_900_D+UT0.45_FB_6
62,900,75,RollingHorizon,BasicRequest,50,900,PoolingIRSOnly,ImmediateDecisionsSimulation,0,greater_hellevoetsluis/planned/1.0/sample_12/IR_900_D+UT0.45_FB_6/,greater_hellevoetsluis/planned/1.0/sample_12.csv,greater_hellevoetsluis,reservation,1.0,flex_bus:6,func_key:distance_and_user_times;vot:0.45,sample_12,IR_900_D+UT0.45_FB_6
63,900,75,RollingHorizon,BasicRequest,50,900,PoolingIRSOnly,ImmediateDecisionsSimulation,0,greater_hellevoetsluis/planned/1.0/sample_13/IR_900_D+UT0.45_FB_6/,greater_hellevoetsluis/planned/1.0/sample_13.csv,greater_hellevoetsluis,reservation,1.0,flex_bus:6,func_key:distance_and_user_times;vot:0.45,sample_13,IR_900_D+UT0.45_FB_6
64,900,75,RollingHorizon,BasicRequest,50,900,PoolingIRSOnly,ImmediateDecisionsSimulation,0,greater_hellevoetsluis/planned/1.0/sample_14/IR_900_D+UT0.45_FB_6/,greater_hellevoetsluis/planned/1.0/sample_14.csv,greater_hellevoetsluis,reservation,1.0,flex_bus:6,func_key:distance_and_user_times;vot:0.45,sample_14,IR_900_D+UT0.45_FB_6
65,900,75,RollingHorizon,BasicRequest,50,900,PoolingIRSOnly,ImmediateDecisionsSimulation,0,greater_hellevoetsluis/planned/1.0/sample_15/IR_900_D+UT0.45_FB_6/,greater_hellevoetsluis/planned/1.0/sample_15.csv,greater_hellevoetsluis,reservation,1.0,flex_bus:6,func_key:distance_and_user_times;vot:0.45,sample_15,IR_900_D+UT0.45_FB_6
66,900,75,RollingHorizon,BasicRequest,50,900,PoolingIRSOnly,ImmediateDecisionsSimulation,0,greater_hellevoetsluis/planned/1.0/sample_16/IR_900_D+UT0.45_FB_6/,greater_hellevoetsluis/planned/1.0/sample_16.csv,greater_hellevoetsluis,reservation,1.0,flex_bus:6,func_key:distance_and_user_times;vot:0.45,sample_16,IR_900_D+UT0.45_FB_6
67,900,75,RollingHorizon,BasicRequest,50,900,PoolingIRSOnly,ImmediateDecisionsSimulation,0,greater_hellevoetsluis/planned/1.0/sample_17/IR_900_D+UT0.45_FB_6/,greater_hellevoetsluis/planned/1.0/sample_17.csv,greater_hellevoetsluis,reservation,1.0,flex_bus:6,func_key:distance_and_user_times;vot:0.45,sample_17,IR_900_D+UT0.45_FB_6
68,900,75,RollingHorizon,BasicRequest,50,900,PoolingIRSOnly,ImmediateDecisionsSimulation,0,greater_hellevoetsluis/planned/1.0/sample_18/IR_900_D+UT0.45_FB_6/,greater_hellevoetsluis/planned/1.0/sample_18.csv,greater_hellevoetsluis,reservation,1.0,flex_bus:6,func_key:distance_and_user_times;vot:0.45,sample_18,IR_900_D+UT0.45_FB_6
69,900,75,RollingHorizon,BasicRequest,50,900,PoolingIRSOnly,ImmediateDecisionsSimulation,0,greater_hellevoetsluis/planned/1.0/sample_19/IR_900_D+UT0.45_FB_6/,greater_hellevoetsluis/planned/1.0/sample_19.csv,greater_hellevoetsluis,reservation,1.0,flex_bus:6,func_key:distance_and_user_times;vot:0.45,sample_19,IR_900_D+UT0.45_FB_6
70,900,75,RollingHorizon,BasicRequest,50,900,PoolingIRSOnly,ImmediateDecisionsSimulation,0,greater_hellevoetsluis/planned/1.0/sample_20/IR_900_D+UT0.45_FB_6/,greater_hellevoetsluis/planned/1.0/sample_20.csv,greater_hellevoetsluis,reservation,1.0,flex_bus:6,func_key:distance_and_user_times;vot:0.45,sample_20,IR_900_D+UT0.45_FB_6
71,900,75,RollingHorizon,BasicRequest,50,900,PoolingIRSOnly,ImmediateDecisionsSimulation,0,greater_hellevoetsluis/planned/1.0/sample_21/IR_900_D+UT0.45_FB_6/,greater_hellevoetsluis/planned/1.0/sample_21.csv,greater_hellevoetsluis,reservation,1.0,flex_bus:6,func_key:distance_and_user_times;vot:0.45,sample_21,IR_900_D+UT0.45_FB_6
72,900,75,RollingHorizon,BasicRequest,50,900,PoolingIRSOnly,ImmediateDecisionsSimulation,0,greater_hellevoetsluis/planned/1.0/sample_22/IR_900_D+UT0.45_FB_6/,greater_hellevoetsluis/planned/1.0/sample_22.csv,greater_hellevoetsluis,reservation,1.0,flex_bus:6,func_key:distance_and_user_times;vot:0.45,sample_22,IR_900_D+UT0.45_FB_6
73,900,75,RollingHorizon,BasicRequest,50,900,PoolingIRSOnly,ImmediateDecisionsSimulation,0,greater_hellevoetsluis/planned/1.0/sample_23/IR_900_D+UT0.45_FB_6/,greater_hellevoetsluis/planned/1.0/sample_23.csv,greater_hellevoetsluis,reservation,1.0,flex_bus:6,func_key:distance_and_user_times;vot:0.45,sample_23,IR_900_D+UT0.45_FB_6
74,900,75,RollingHorizon,BasicRequest,50,900,PoolingIRSOnly,ImmediateDecisionsSimulation,0,greater_hellevoetsluis/planned/1.0/sample_24/IR_900_D+UT0.45_FB_6/,greater_hellevoetsluis/planned/1.0/sample_24.csv,greater_hellevoetsluis,reservation,1.0,flex_bus:6,func_key:distance_and_user_times;vot:0.45,sample_24,IR_900_D+UT0.45_FB_6
75,900,75,RollingHorizon,BasicRequest,50,900,PoolingIRSOnly,ImmediateDecisionsSimulation,0,greater_hellevoetsluis/planned/1.0/sample_0/IR_900_D+UT0.45_FB_7/,greater_hellevoetsluis/planned/1.0/sample_0.csv,greater_hellevoetsluis,reservation,1.0,flex_bus:7,func_key:distance_and_user_times;vot:0.45,sample_0,IR_900_D+UT0.45_FB_7
76,900,75,RollingHorizon,BasicRequest,50,900,PoolingIRSOnly,ImmediateDecisionsSimulation,0,greater_hellevoetsluis/planned/1.0/sample_1/IR_900_D+UT0.45_FB_7/,greater_hellevoetsluis/planned/1.0/sample_1.csv,greater_hellevoetsluis,reservation,1.0,flex_bus:7,func_key:distance_and_user_times;vot:0.45,sample_1,IR_900_D+UT0.45_FB_7
77,900,75,RollingHorizon,BasicRequest,50,900,PoolingIRSOnly,ImmediateDecisionsSimulation,0,greater_hellevoetsluis/planned/1.0/sample_2/IR_900_D+UT0.45_FB_7/,greater_hellevoetsluis/planned/1.0/sample_2.csv,greater_hellevoetsluis,reservation,1.0,flex_bus:7,func_key:distance_and_user_times;vot:0.45,sample_2,IR_900_D+UT0.45_FB_7
78,900,75,RollingHorizon,BasicRequest,50,900,PoolingIRSOnly,ImmediateDecisionsSimulation,0,greater_hellevoetsluis/planned/1.0/sample_3/IR_900_D+UT0.45_FB_7/,greater_hellevoetsluis/planned/1.0/sample_3.csv,greater_hellevoetsluis,reservation,1.0,flex_bus:7,func_key:distance_and_user_times;vot:0.45,sample_3,IR_900_D+UT0.45_FB_7
79,900,75,RollingHorizon,BasicRequest,50,900,PoolingIRSOnly,ImmediateDecisionsSimulation,0,greater_hellevoetsluis/planned/1.0/sample_4/IR_900_D+UT0.45_FB_7/,greater_hellevoetsluis/planned/1.0/sample_4.csv,greater_hellevoetsluis,reservation,1.0,flex_bus:7,func_key:distance_and_user_times;vot:0.45,sample_4,IR_900_D+UT0.45_FB_7
80,900,75,RollingHorizon,BasicRequest,50,900,PoolingIRSOnly,ImmediateDecisionsSimulation,0,greater_hellevoetsluis/planned/1.0/sample_5/IR_900_D+UT0.45_FB_7/,greater_hellevoetsluis/planned/1.0/sample_5.csv,greater_hellevoetsluis,reservation,1.0,flex_bus:7,func_key:distance_and_user_times;vot:0.45,sample_5,IR_900_D+UT0.45_FB_7
81,900,75,RollingHorizon,BasicRequest,50,900,PoolingIRSOnly,ImmediateDecisionsSimulation,0,greater_hellevoetsluis/planned/1.0/sample_6/IR_900_D+UT0.45_FB_7/,greater_hellevoetsluis/planned/1.0/sample_6.csv,greater_hellevoetsluis,reservation,1.0,flex_bus:7,func_key:distance_and_user_times;vot:0.45,sample_6,IR_900_D+UT0.45_FB_7
82,900,75,RollingHorizon,BasicRequest,50,900,PoolingIRSOnly,ImmediateDecisionsSimulation,0,greater_hellevoetsluis/planned/1.0/sample_7/IR_900_D+UT0.45_FB_7/,greater_hellevoetsluis/planned/1.0/sample_7.csv,greater_hellevoetsluis,reservation,1.0,flex_bus:7,func_key:distance_and_user_times;vot:0.45,sample_7,IR_900_D+UT0.45_FB_7
83,900,75,RollingHorizon,BasicRequest,50,900,PoolingIRSOnly,ImmediateDecisionsSimulation,0,greater_hellevoetsluis/planned/1.0/sample_8/IR_900_D+UT0.45_FB_7/,greater_hellevoetsluis/planned/1.0/sample_8.csv,greater_hellevoetsluis,reservation,1.0,flex_bus:7,func_key:distance_and_user_times;vot:0.45,sample_8,IR_900_D+UT0.45_FB_7
84,900,75,RollingHorizon,BasicRequest,50,900,PoolingIRSOnly,ImmediateDecisionsSimulation,0,greater_hellevoetsluis/planned/1.0/sample_9/IR_900_D+UT0.45_FB_7/,greater_hellevoetsluis/planned/1.0/sample_9.csv,greater_hellevoetsluis,reservation,1.0,flex_bus:7,func_key:distance_and_user_times;vot:0.45,sample_9,IR_900_D+UT0.45_FB_7
85,900,75,RollingHorizon,BasicRequest,50,900,PoolingIRSOnly,ImmediateDecisionsSimulation,0,greater_hellevoetsluis/planned/1.0/sample_10/IR_900_D+UT0.45_FB_7/,greater_hellevoetsluis/planned/1.0/sample_10.csv,greater_hellevoetsluis,reservation,1.0,flex_bus:7,func_key:distance_and_user_times;vot:0.45,sample_10,IR_900_D+UT0.45_FB_7
86,900,75,RollingHorizon,BasicRequest,50,900,PoolingIRSOnly,ImmediateDecisionsSimulation,0,greater_hellevoetsluis/planned/1.0/sample_11/IR_900_D+UT0.45_FB_7/,greater_hellevoetsluis/planned/1.0/sample_11.csv,greater_hellevoetsluis,reservation,1.0,flex_bus:7,func_key:distance_and_user_times;vot:0.45,sample_11,IR_900_D+UT0.45_FB_7
87,900,75,RollingHorizon,BasicRequest,50,900,PoolingIRSOnly,ImmediateDecisionsSimulation,0,greater_hellevoetsluis/planned/1.0/sample_12/IR_900_D+UT0.45_FB_7/,greater_hellevoetsluis/planned/1.0/sample_12.csv,greater_hellevoetsluis,reservation,1.0,flex_bus:7,func_key:distance_and_user_times;vot:0.45,sample_12,IR_900_D+UT0.45_FB_7
88,900,75,RollingHorizon,BasicRequest,50,900,PoolingIRSOnly,ImmediateDecisionsSimulation,0,greater_hellevoetsluis/planned/1.0/sample_13/IR_900_D+UT0.45_FB_7/,greater_hellevoetsluis/planned/1.0/sample_13.csv,greater_hellevoetsluis,reservation,1.0,flex_bus:7,func_key:distance_and_user_times;vot:0.45,sample_13,IR_900_D+UT0.45_FB_7
89,900,75,RollingHorizon,BasicRequest,50,900,PoolingIRSOnly,ImmediateDecisionsSimulation,0,greater_hellevoetsluis/planned/1.0/sample_14/IR_900_D+UT0.45_FB_7/,greater_hellevoetsluis/planned/1.0/sample_14.csv,greater_hellevoetsluis,reservation,1.0,flex_bus:7,func_key:distance_and_user_times;vot:0.45,sample_14,IR_900_D+UT0.45_FB_7
90,900,75,RollingHorizon,BasicRequest,50,900,PoolingIRSOnly,ImmediateDecisionsSimulation,0,greater_hellevoetsluis/planned/1.0/sample_15/IR_900_D+UT0.45_FB_7/,greater_hellevoetsluis/planned/1.0/sample_15.csv,greater_hellevoetsluis,reservation,1.0,flex_bus:7,func_key:distance_and_user_times;vot:0.45,sample_15,IR_900_D+UT0.45_FB_7
91,900,75,RollingHorizon,BasicRequest,50,900,PoolingIRSOnly,ImmediateDecisionsSimulation,0,greater_hellevoetsluis/planned/1.0/sample_16/IR_900_D+UT0.45_FB_7/,greater_hellevoetsluis/planned/1.0/sample_16.csv,greater_hellevoetsluis,reservation,1.0,flex_bus:7,func_key:distance_and_user_times;vot:0.45,sample_16,IR_900_D+UT0.45_FB_7
92,900,75,RollingHorizon,BasicRequest,50,900,PoolingIRSOnly,ImmediateDecisionsSimulation,0,greater_hellevoetsluis/planned/1.0/sample_17/IR_900_D+UT0.45_FB_7/,greater_hellevoetsluis/planned/1.0/sample_17.csv,greater_hellevoetsluis,reservation,1.0,flex_bus:7,func_key:distance_and_user_times;vot:0.45,sample_17,IR_900_D+UT0.45_FB_7
93,900,75,RollingHorizon,BasicRequest,50,900,PoolingIRSOnly,ImmediateDecisionsSimulation,0,greater_hellevoetsluis/planned/1.0/sample_18/IR_900_D+UT0.45_FB_7/,greater_hellevoetsluis/planned/1.0/sample_18.csv,greater_hellevoetsluis,reservation,1.0,flex_bus:7,func_key:distance_and_user_times;vot:0.45,sample_18,IR_900_D+UT0.45_FB_7
94,900,75,RollingHorizon,BasicRequest,50,900,PoolingIRSOnly,ImmediateDecisionsSimulation,0,greater_hellevoetsluis/planned/1.0/sample_19/IR_900_D+UT0.45_FB_7/,greater_hellevoetsluis/planned/1.0/sample_19.csv,greater_hellevoetsluis,reservation,1.0,flex_bus:7,func_key:distance_and_user_times;vot:0.45,sample_19,IR_900_D+UT0.45_FB_7
95,900,75,RollingHorizon,BasicRequest,50,900,PoolingIRSOnly,ImmediateDecisionsSimulation,0,greater_hellevoetsluis/planned/1.0/sample_20/IR_900_D+UT0.45_FB_7/,greater_hellevoetsluis/planned/1.0/sample_20.csv,greater_hellevoetsluis,reservation,1.0,flex_bus:7,func_key:distance_and_user_times;vot:0.45,sample_20,IR_900_D+UT0.45_FB_7
96,900,75,RollingHorizon,BasicRequest,50,900,PoolingIRSOnly,ImmediateDecisionsSimulation,0,greater_hellevoetsluis/planned/1.0/sample_21/IR_900_D+UT0.45_FB_7/,greater_hellevoetsluis/planned/1.0/sample_21.csv,greater_hellevoetsluis,reservation,1.0,flex_bus:7,func_key:distance_and_user_times;vot:0.45,sample_21,IR_900_D+UT0.45_FB_7
97,900,75,RollingHorizon,BasicRequest,50,900,PoolingIRSOnly,ImmediateDecisionsSimulation,0,greater_hellevoetsluis/planned/1.0/sample_22/IR_900_D+UT0.45_FB_7/,greater_hellevoetsluis/planned/1.0/sample_22.csv,greater_hellevoetsluis,reservation,1.0,flex_bus:7,func_key:distance_and_user_times;vot:0.45,sample_22,IR_900_D+UT0.45_FB_7
98,900,75,RollingHorizon,BasicRequest,50,900,PoolingIRSOnly,ImmediateDecisionsSimulation,0,greater_hellevoetsluis/planned/1.0/sample_23/IR_900_D+UT0.45_FB_7/,greater_hellevoetsluis/planned/1.0/sample_23.csv,greater_hellevoetsluis,reservation,1.0,flex_bus:7,func_key:distance_and_user_times;vot:0.45,sample_23,IR_900_D+UT0.45_FB_7
99,900,75,RollingHorizon,BasicRequest,50,900,PoolingIRSOnly,ImmediateDecisionsSimulation,0,greater_hellevoetsluis/planned/1.0/sample_24/IR_900_D+UT0.45_FB_7/,greater_hellevoetsluis/planned/1.0/sample_24.csv,greater_hellevoetsluis,reservation,1.0,flex_bus:7,func_key:distance_and_user_times;vot:0.45,sample_24,IR_900_D+UT0.45_FB_7
100,900,75,RollingHorizon,BasicRequest,50,900,PoolingIRSOnly,ImmediateDecisionsSimulation,0,greater_hellevoetsluis/planned/1.0/sample_0/IR_900_D+UT0.45_FB_8/,greater_hellevoetsluis/planned/1.0/sample_0.csv,greater_hellevoetsluis,reservation,1.0,flex_bus:8,func_key:distance_and_user_times;vot:0.45,sample_0,IR_900_D+UT0.45_FB_8
101,900,75,RollingHorizon,BasicRequest,50,900,PoolingIRSOnly,ImmediateDecisionsSimulation,0,greater_hellevoetsluis/planned/1.0/sample_1/IR_900_D+UT0.45_FB_8/,greater_hellevoetsluis/planned/1.0/sample_1.csv,greater_hellevoetsluis,reservation,1.0,flex_bus:8,func_key:distance_and_user_times;vot:0.45,sample_1,IR_900_D+UT0.45_FB_8
102,900,75,RollingHorizon,BasicRequest,50,900,PoolingIRSOnly,ImmediateDecisionsSimulation,0,greater_hellevoetsluis/planned/1.0/sample_2/IR_900_D+UT0.45_FB_8/,greater_hellevoetsluis/planned/1.0/sample_2.csv,greater_hellevoetsluis,reservation,1.0,flex_bus:8,func_key:distance_and_user_times;vot:0.45,sample_2,IR_900_D+UT0.45_FB_8
103,900,75,RollingHorizon,BasicRequest,50,900,PoolingIRSOnly,ImmediateDecisionsSimulation,0,greater_hellevoetsluis/planned/1.0/sample_3/IR_900_D+UT0.45_FB_8/,greater_hellevoetsluis/planned/1.0/sample_3.csv,greater_hellevoetsluis,reservation,1.0,flex_bus:8,func_key:distance_and_user_times;vot:0.45,sample_3,IR_900_D+UT0.45_FB_8
104,900,75,RollingHorizon,BasicRequest,50,900,PoolingIRSOnly,ImmediateDecisionsSimulation,0,greater_hellevoetsluis/planned/1.0/sample_4/IR_900_D+UT0.45_FB_8/,greater_hellevoetsluis/planned/1.0/sample_4.csv,greater_hellevoetsluis,reservation,1.0,flex_bus:8,func_key:distance_and_user_times;vot:0.45,sample_4,IR_900_D+UT0.45_FB_8
105,900,75,RollingHorizon,BasicRequest,50,900,PoolingIRSOnly,ImmediateDecisionsSimulation,0,greater_hellevoetsluis/planned/1.0/sample_5/IR_900_D+UT0.45_FB_8/,greater_hellevoetsluis/planned/1.0/sample_5.csv,greater_hellevoetsluis,reservation,1.0,flex_bus:8,func_key:distance_and_user_times;vot:0.45,sample_5,IR_900_D+UT0.45_FB_8
106,900,75,RollingHorizon,BasicRequest,50,900,PoolingIRSOnly,ImmediateDecisionsSimulation,0,greater_hellevoetsluis/planned/1.0/sample_6/IR_900_D+UT0.45_FB_8/,greater_hellevoetsluis/planned/1.0/sample_6.csv,greater_hellevoetsluis,reservation,1.0,flex_bus:8,func_key:distance_and_user_times;vot:0.45,sample_6,IR_900_D+UT0.45_FB_8
107,900,75,RollingHorizon,BasicRequest,50,900,PoolingIRSOnly,ImmediateDecisionsSimulation,0,greater_hellevoetsluis/planned/1.0/sample_7/IR_900_D+UT0.45_FB_8/,greater_hellevoetsluis/planned/1.0/sample_7.csv,greater_hellevoetsluis,reservation,1.0,flex_bus:8,func_key:distance_and_user_times;vot:0.45,sample_7,IR_900_D+UT0.45_FB_8
108,900,75,RollingHorizon,BasicRequest,50,900,PoolingIRSOnly,ImmediateDecisionsSimulation,0,greater_hellevoetsluis/planned/1.0/sample_8/IR_900_D+UT0.45_FB_8/,greater_hellevoetsluis/planned/1.0/sample_8.csv,greater_hellevoetsluis,reservation,1.0,flex_bus:8,func_key:distance_and_user_times;vot:0.45,sample_8,IR_900_D+UT0.45_FB_8
109,900,75,RollingHorizon,BasicRequest,50,900,PoolingIRSOnly,ImmediateDecisionsSimulation,0,greater_hellevoetsluis/planned/1.0/sample_9/IR_900_D+UT0.45_FB_8/,greater_hellevoetsluis/planned/1.0/sample_9.csv,greater_hellevoetsluis,reservation,1.0,flex_bus:8,func_key:distance_and_user_times;vot:0.45,sample_9,IR_900_D+UT0.45_FB_8
110,900,75,RollingHorizon,BasicRequest,50,900,PoolingIRSOnly,ImmediateDecisionsSimulation,0,greater_hellevoetsluis/planned/1.0/sample_10/IR_900_D+UT0.45_FB_8/,greater_hellevoetsluis/planned/1.0/sample_10.csv,greater_hellevoetsluis,reservation,1.0,flex_bus:8,func_key:distance_and_user_times;vot:0.45,sample_10,IR_900_D+UT0.45_FB_8
111,900,75,RollingHorizon,BasicRequest,50,900,PoolingIRSOnly,ImmediateDecisionsSimulation,0,greater_hellevoetsluis/planned/1.0/sample_11/IR_900_D+UT0.45_FB_8/,greater_hellevoetsluis/planned/1.0/sample_11.csv,greater_hellevoetsluis,reservation,1.0,flex_bus:8,func_key:distance_and_user_times;vot:0.45,sample_11,IR_900_D+UT0.45_FB_8
112,900,75,RollingHorizon,BasicRequest,50,900,PoolingIRSOnly,ImmediateDecisionsSimulation,0,greater_hellevoetsluis/planned/1.0/sample_12/IR_900_D+UT0.45_FB_8/,greater_hellevoetsluis/planned/1.0/sample_12.csv,greater_hellevoetsluis,reservation,1.0,flex_bus:8,func_key:distance_and_user_times;vot:0.45,sample_12,IR_900_D+UT0.45_FB_8
113,900,75,RollingHorizon,BasicRequest,50,900,PoolingIRSOnly,ImmediateDecisionsSimulation,0,greater_hellevoetsluis/planned/1.0/sample_13/IR_900_D+UT0.45_FB_8/,greater_hellevoetsluis/planned/1.0/sample_13.csv,greater_hellevoetsluis,reservation,1.0,flex_bus:8,func_key:distance_and_user_times;vot:0.45,sample_13,IR_900_D+UT0.45_FB_8
114,900,75,RollingHorizon,BasicRequest,50,900,PoolingIRSOnly,ImmediateDecisionsSimulation,0,greater_hellevoetsluis/planned/1.0/sample_14/IR_900_D+UT0.45_FB_8/,greater_hellevoetsluis/planned/1.0/sample_14.csv,greater_hellevoetsluis,reservation,1.0,flex_bus:8,func_key:distance_and_user_times;vot:0.45,sample_14,IR_900_D+UT0.45_FB_8
115,900,75,RollingHorizon,BasicRequest,50,900,PoolingIRSOnly,ImmediateDecisionsSimulation,0,greater_hellevoetsluis/planned/1.0/sample_15/IR_900_D+UT0.45_FB_8/,greater_hellevoetsluis/planned/1.0/sample_15.csv,greater_hellevoetsluis,reservation,1.0,flex_bus:8,func_key:distance_and_user_times;vot:0.45,sample_15,IR_900_D+UT0.45_FB_8
116,900,75,RollingHorizon,BasicRequest,50,900,PoolingIRSOnly,ImmediateDecisionsSimulation,0,greater_hellevoetsluis/planned/1.0/sample_16/IR_900_D+UT0.45_FB_8/,greater_hellevoetsluis/planned/1.0/sample_16.csv,greater_hellevoetsluis,reservation,1.0,flex_bus:8,func_key:distance_and_user_times;vot:0.45,sample_16,IR_900_D+UT0.45_FB_8
117,900,75,RollingHorizon,BasicRequest,50,900,PoolingIRSOnly,ImmediateDecisionsSimulation,0,greater_hellevoetsluis/planned/1.0/sample_17/IR_900_D+UT0.45_FB_8/,greater_hellevoetsluis/planned/1.0/sample_17.csv,greater_hellevoetsluis,reservation,1.0,flex_bus:8,func_key:distance_and_user_times;vot:0.45,sample_17,IR_900_D+UT0.45_FB_8
118,900,75,RollingHorizon,BasicRequest,50,900,PoolingIRSOnly,ImmediateDecisionsSimulation,0,greater_hellevoetsluis/planned/1.0/sample_18/IR_900_D+UT0.45_FB_8/,greater_hellevoetsluis/planned/1.0/sample_18.csv,greater_hellevoetsluis,reservation,1.0,flex_bus:8,func_key:distance_and_user_times;vot:0.45,sample_18,IR_900_D+UT0.45_FB_8
119,900,75,RollingHorizon,BasicRequest,50,900,PoolingIRSOnly,ImmediateDecisionsSimulation,0,greater_hellevoetsluis/planned/1.0/sample_19/IR_900_D+UT0.45_FB_8/,greater_hellevoetsluis/planned/1.0/sample_19.csv,greater_hellevoetsluis,reservation,1.0,flex_bus:8,func_key:distance_and_user_times;vot:0.45,sample_19,IR_900_D+UT0.45_FB_8
120,900,75,RollingHorizon,BasicRequest,50,900,PoolingIRSOnly,ImmediateDecisionsSimulation,0,greater_hellevoetsluis/planned/1.0/sample_20/IR_900_D+UT0.45_FB_8/,greater_hellevoetsluis/planned/1.0/sample_20.csv,greater_hellevoetsluis,reservation,1.0,flex_bus:8,func_key:distance_and_user_times;vot:0.45,sample_20,IR_900_D+UT0.45_FB_8
121,900,75,RollingHorizon,BasicRequest,50,900,PoolingIRSOnly,ImmediateDecisionsSimulation,0,greater_hellevoetsluis/planned/1.0/sample_21/IR_900_D+UT0.45_FB_8/,greater_hellevoetsluis/planned/1.0/sample_21.csv,greater_hellevoetsluis,reservation,1.0,flex_bus:8,func_key:distance_and_user_times;vot:0.45,sample_21,IR_900_D+UT0.45_FB_8
122,900,75,RollingHorizon,BasicRequest,50,900,PoolingIRSOnly,ImmediateDecisionsSimulation,0,greater_hellevoetsluis/planned/1.0/sample_22/IR_900_D+UT0.45_FB_8/,greater_hellevoetsluis/planned/1.0/sample_22.csv,greater_hellevoetsluis,reservation,1.0,flex_bus:8,func_key:distance_and_user_times;vot:0.45,sample_22,IR_900_D+UT0.45_FB_8
123,900,75,RollingHorizon,BasicRequest,50,900,PoolingIRSOnly,ImmediateDecisionsSimulation,0,greater_hellevoetsluis/planned/1.0/sample_23/IR_900_D+UT0.45_FB_8/,greater_hellevoetsluis/planned/1.0/sample_23.csv,greater_hellevoetsluis,reservation,1.0,flex_bus:8,func_key:distance_and_user_times;vot:0.45,sample_23,IR_900_D+UT0.45_FB_8
124,900,75,RollingHorizon,BasicRequest,50,900,PoolingIRSOnly,ImmediateDecisionsSimulation,0,greater_hellevoetsluis/planned/1.0/sample_24/IR_900_D+UT0.45_FB_8/,greater_hellevoetsluis/planned/1.0/sample_24.csv,greater_hellevoetsluis,reservation,1.0,flex_bus:8,func_key:distance_and_user_times;vot:0.45,sample_24,IR_900_D+UT0.45_FB_8
125,900,75,RollingHorizon,BasicRequest,50,900,PoolingIRSOnly,ImmediateDecisionsSimulation,0,greater_hellevoetsluis/planned/1.0/sample_0/IR_900_D+UT0.45_FB_9/,greater_hellevoetsluis/planned/1.0/sample_0.csv,greater_hellevoetsluis,reservation,1.0,flex_bus:9,func_key:distance_and_user_times;vot:0.45,sample_0,IR_900_D+UT0.45_FB_9
126,900,75,RollingHorizon,BasicRequest,50,900,PoolingIRSOnly,ImmediateDecisionsSimulation,0,greater_hellevoetsluis/planned/1.0/sample_1/IR_900_D+UT0.45_FB_9/,greater_hellevoetsluis/planned/1.0/sample_1.csv,greater_hellevoetsluis,reservation,1.0,flex_bus:9,func_key:distance_and_user_times;vot:0.45,sample_1,IR_900_D+UT0.45_FB_9
127,900,75,RollingHorizon,BasicRequest,50,900,PoolingIRSOnly,ImmediateDecisionsSimulation,0,greater_hellevoetsluis/planned/1.0/sample_2/IR_900_D+UT0.45_FB_9/,greater_hellevoetsluis/planned/1.0/sample_2.csv,greater_hellevoetsluis,reservation,1.0,flex_bus:9,func_key:distance_and_user_times;vot:0.45,sample_2,IR_900_D+UT0.45_FB_9
128,900,75,RollingHorizon,BasicRequest,50,900,PoolingIRSOnly,ImmediateDecisionsSimulation,0,greater_hellevoetsluis/planned/1.0/sample_3/IR_900_D+UT0.45_FB_9/,greater_hellevoetsluis/planned/1.0/sample_3.csv,greater_hellevoetsluis,reservation,1.0,flex_bus:9,func_key:distance_and_user_times;vot:0.45,sample_3,IR_900_D+UT0.45_FB_9
129,900,75,RollingHorizon,BasicRequest,50,900,PoolingIRSOnly,ImmediateDecisionsSimulation,0,greater_hellevoetsluis/planned/1.0/sample_4/IR_900_D+UT0.45_FB_9/,greater_hellevoetsluis/planned/1.0/sample_4.csv,greater_hellevoetsluis,reservation,1.0,flex_bus:9,func_key:distance_and_user_times;vot:0.45,sample_4,IR_900_D+UT0.45_FB_9
130,900,75,RollingHorizon,BasicRequest,50,900,PoolingIRSOnly,ImmediateDecisionsSimulation,0,greater_hellevoetsluis/planned/1.0/sample_5/IR_900_D+UT0.45_FB_9/,greater_hellevoetsluis/planned/1.0/sample_5.csv,greater_hellevoetsluis,reservation,1.0,flex_bus:9,func_key:distance_and_user_times;vot:0.45,sample_5,IR_900_D+UT0.45_FB_9
131,900,75,RollingHorizon,BasicRequest,50,900,PoolingIRSOnly,ImmediateDecisionsSimulation,0,greater_hellevoetsluis/planned/1.0/sample_6/IR_900_D+UT0.45_FB_9/,greater_hellevoetsluis/planned/1.0/sample_6.csv,greater_hellevoetsluis,reservation,1.0,flex_bus:9,func_key:distance_and_user_times;vot:0.45,sample_6,IR_900_D+UT0.45_FB_9
132,900,75,RollingHorizon,BasicRequest,50,900,PoolingIRSOnly,ImmediateDecisionsSimulation,0,greater_hellevoetsluis/planned/1.0/sample_7/IR_900_D+UT0.45_FB_9/,greater_hellevoetsluis/planned/1.0/sample_7.csv,greater_hellevoetsluis,reservation,1.0,flex_bus:9,func_key:distance_and_user_times;vot:0.45,sample_7,IR_900_D+UT0.45_FB_9
133,900,75,RollingHorizon,BasicRequest,50,900,PoolingIRSOnly,ImmediateDecisionsSimulation,0,greater_hellevoetsluis/planned/1.0/sample_8/IR_900_D+UT0.45_FB_9/,greater_hellevoetsluis/planned/1.0/sample_8.csv,greater_hellevoetsluis,reservation,1.0,flex_bus:9,func_key:distance_and_user_times;vot:0.45,sample_8,IR_900_D+UT0.45_FB_9
134,900,75,RollingHorizon,BasicRequest,50,900,PoolingIRSOnly,ImmediateDecisionsSimulation,0,greater_hellevoetsluis/planned/1.0/sample_9/IR_900_D+UT0.45_FB_9/,greater_hellevoetsluis/planned/1.0/sample_9.csv,greater_hellevoetsluis,reservation,1.0,flex_bus:9,func_key:distance_and_user_times;vot:0.45,sample_9,IR_900_D+UT0.45_FB_9
135,900,75,RollingHorizon,BasicRequest,50,900,PoolingIRSOnly,ImmediateDecisionsSimulation,0,greater_hellevoetsluis/planned/1.0/sample_10/IR_900_D+UT0.45_FB_9/,greater_hellevoetsluis/planned/1.0/sample_10.csv,greater_hellevoetsluis,reservation,1.0,flex_bus:9,func_key:distance_and_user_times;vot:0.45,sample_10,IR_900_D+UT0.45_FB_9
136,900,75,RollingHorizon,BasicRequest,50,900,PoolingIRSOnly,ImmediateDecisionsSimulation,0,greater_hellevoetsluis/planned/1.0/sample_11/IR_900_D+UT0.45_FB_9/,greater_hellevoetsluis/planned/1.0/sample_11.csv,greater_hellevoetsluis,reservation,1.0,flex_bus:9,func_key:distance_and_user_times;vot:0.45,sample_11,IR_900_D+UT0.45_FB_9
137,900,75,RollingHorizon,BasicRequest,50,900,PoolingIRSOnly,ImmediateDecisionsSimulation,0,greater_hellevoetsluis/planned/1.0/sample_12/IR_900_D+UT0.45_FB_9/,greater_hellevoetsluis/planned/1.0/sample_12.csv,greater_hellevoetsluis,reservation,1.0,flex_bus:9,func_key:distance_and_user_times;vot:0.45,sample_12,IR_900_D+UT0.45_FB_9
138,900,75,RollingHorizon,BasicRequest,50,900,PoolingIRSOnly,ImmediateDecisionsSimulation,0,greater_hellevoetsluis/planned/1.0/sample_13/IR_900_D+UT0.45_FB_9/,greater_hellevoetsluis/planned/1.0/sample_13.csv,greater_hellevoetsluis,reservation,1.0,flex_bus:9,func_key:distance_and_user_times;vot:0.45,sample_13,IR_900_D+UT0.45_FB_9
139,900,75,RollingHorizon,BasicRequest,50,900,PoolingIRSOnly,ImmediateDecisionsSimulation,0,greater_hellevoetsluis/planned/1.0/sample_14/IR_900_D+UT0.45_FB_9/,greater_hellevoetsluis/planned/1.0/sample_14.csv,greater_hellevoetsluis,reservation,1.0,flex_bus:9,func_key:distance_and_user_times;vot:0.45,sample_14,IR_900_D+UT0.45_FB_9
140,900,75,RollingHorizon,BasicRequest,50,900,PoolingIRSOnly,ImmediateDecisionsSimulation,0,greater_hellevoetsluis/planned/1.0/sample_15/IR_900_D+UT0.45_FB_9/,greater_hellevoetsluis/planned/1.0/sample_15.csv,greater_hellevoetsluis,reservation,1.0,flex_bus:9,func_key:distance_and_user_times;vot:0.45,sample_15,IR_900_D+UT0.45_FB_9
141,900,75,RollingHorizon,BasicRequest,50,900,PoolingIRSOnly,ImmediateDecisionsSimulation,0,greater_hellevoetsluis/planned/1.0/sample_16/IR_900_D+UT0.45_FB_9/,greater_hellevoetsluis/planned/1.0/sample_16.csv,greater_hellevoetsluis,reservation,1.0,flex_bus:9,func_key:distance_and_user_times;vot:0.45,sample_16,IR_900_D+UT0.45_FB_9
142,900,75,RollingHorizon,BasicRequest,50,900,PoolingIRSOnly,ImmediateDecisionsSimulation,0,greater_hellevoetsluis/planned/1.0/sample_17/IR_900_D+UT0.45_FB_9/,greater_hellevoetsluis/planned/1.0/sample_17.csv,greater_hellevoetsluis,reservation,1.0,flex_bus:9,func_key:distance_and_user_times;vot:0.45,sample_17,IR_900_D+UT0.45_FB_9
143,900,75,RollingHorizon,BasicRequest,50,900,PoolingIRSOnly,ImmediateDecisionsSimulation,0,greater_hellevoetsluis/planned/1.0/sample_18/IR_900_D+UT0.45_FB_9/,greater_hellevoetsluis/planned/1.0/sample_18.csv,greater_hellevoetsluis,reservation,1.0,flex_bus:9,func_key:distance_and_user_times;vot:0.45,sample_18,IR_900_D+UT0.45_FB_9
144,900,75,RollingHorizon,BasicRequest,50,900,PoolingIRSOnly,ImmediateDecisionsSimulation,0,greater_hellevoetsluis/planned/1.0/sample_19/IR_900_D+UT0.45_FB_9/,greater_hellevoetsluis/planned/1.0/sample_19.csv,greater_hellevoetsluis,reservation,1.0,flex_bus:9,func_key:distance_and_user_times;vot:0.45,sample_19,IR_900_D+UT0.45_FB_9
145,900,75,RollingHorizon,BasicRequest,50,900,PoolingIRSOnly,ImmediateDecisionsSimulation,0,greater_hellevoetsluis/planned/1.0/sample_20/IR_900_D+UT0.45_FB_9/,greater_hellevoetsluis/planned/1.0/sample_20.csv,greater_hellevoetsluis,reservation,1.0,flex_bus:9,func_key:distance_and_user_times;vot:0.45,sample_20,IR_900_D+UT0.45_FB_9
146,900,75,RollingHorizon,BasicRequest,50,900,PoolingIRSOnly,ImmediateDecisionsSimulation,0,greater_hellevoetsluis/planned/1.0/sample_21/IR_900_D+UT0.45_FB_9/,greater_hellevoetsluis/planned/1.0/sample_21.csv,greater_hellevoetsluis,reservation,1.0,flex_bus:9,func_key:distance_and_user_times;vot:0.45,sample_21,IR_900_D+UT0.45_FB_9
147,900,75,RollingHorizon,BasicRequest,50,900,PoolingIRSOnly,ImmediateDecisionsSimulation,0,greater_hellevoetsluis/planned/1.0/sample_22/IR_900_D+UT0.45_FB_9/,greater_hellevoetsluis/planned/1.0/sample_22.csv,greater_hellevoetsluis,reservation,1.0,flex_bus:9,func_key:distance_and_user_times;vot:0.45,sample_22,IR_900_D+UT0.45_FB_9
148,900,75,RollingHorizon,BasicRequest,50,900,PoolingIRSOnly,ImmediateDecisionsSimulation,0,greater_hellevoetsluis/planned/1.0/sample_23/IR_900_D+UT0.45_FB_9/,greater_hellevoetsluis/planned/1.0/sample_23.csv,greater_hellevoetsluis,reservation,1.0,flex_bus:9,func_key:distance_and_user_times;vot:0.45,sample_23,IR_900_D+UT0.45_FB_9
149,900,75,RollingHorizon,BasicRequest,50,900,PoolingIRSOnly,ImmediateDecisionsSimulation,0,greater_hellevoetsluis/planned/1.0/sample_24/IR_900_D+UT0.45_FB_9/,greater_hellevoetsluis/planned/1.0/sample_24.csv,greater_hellevoetsluis,reservation,1.0,flex_bus:9,func_key:distance_and_user_times;vot:0.45,sample_24,IR_900_D+UT0.45_FB_9
150,900,75,RollingHorizon,BasicRequest,50,900,PoolingIRSOnly,ImmediateDecisionsSimulation,0,greater_hellevoetsluis/planned/1.0/sample_0/IR_900_D+UT0.45_FB_10/,greater_hellevoetsluis/planned/1.0/sample_0.csv,greater_hellevoetsluis,reservation,1.0,flex_bus:10,func_key:distance_and_user_times;vot:0.45,sample_0,IR_900_D+UT0.45_FB_10
151,900,75,RollingHorizon,BasicRequest,50,900,PoolingIRSOnly,ImmediateDecisionsSimulation,0,greater_hellevoetsluis/planned/1.0/sample_1/IR_900_D+UT0.45_FB_10/,greater_hellevoetsluis/planned/1.0/sample_1.csv,greater_hellevoetsluis,reservation,1.0,flex_bus:10,func_key:distance_and_user_times;vot:0.45,sample_1,IR_900_D+UT0.45_FB_10
152,900,75,RollingHorizon,BasicRequest,50,900,PoolingIRSOnly,ImmediateDecisionsSimulation,0,greater_hellevoetsluis/planned/1.0/sample_2/IR_900_D+UT0.45_FB_10/,greater_hellevoetsluis/planned/1.0/sample_2.csv,greater_hellevoetsluis,reservation,1.0,flex_bus:10,func_key:distance_and_user_times;vot:0.45,sample_2,IR_900_D+UT0.45_FB_10
153,900,75,RollingHorizon,BasicRequest,50,900,PoolingIRSOnly,ImmediateDecisionsSimulation,0,greater_hellevoetsluis/planned/1.0/sample_3/IR_900_D+UT0.45_FB_10/,greater_hellevoetsluis/planned/1.0/sample_3.csv,greater_hellevoetsluis,reservation,1.0,flex_bus:10,func_key:distance_and_user_times;vot:0.45,sample_3,IR_900_D+UT0.45_FB_10
154,900,75,RollingHorizon,BasicRequest,50,900,PoolingIRSOnly,ImmediateDecisionsSimulation,0,greater_hellevoetsluis/planned/1.0/sample_4/IR_900_D+UT0.45_FB_10/,greater_hellevoetsluis/planned/1.0/sample_4.csv,greater_hellevoetsluis,reservation,1.0,flex_bus:10,func_key:distance_and_user_times;vot:0.45,sample_4,IR_900_D+UT0.45_FB_10
155,900,75,RollingHorizon,BasicRequest,50,900,PoolingIRSOnly,ImmediateDecisionsSimulation,0,greater_hellevoetsluis/planned/1.0/sample_5/IR_900_D+UT0.45_FB_10/,greater_hellevoetsluis/planned/1.0/sample_5.csv,greater_hellevoetsluis,reservation,1.0,flex_bus:10,func_key:distance_and_user_times;vot:0.45,sample_5,IR_900_D+UT0.45_FB_10
156,900,75,RollingHorizon,BasicRequest,50,900,PoolingIRSOnly,ImmediateDecisionsSimulation,0,greater_hellevoetsluis/planned/1.0/sample_6/IR_900_D+UT0.45_FB_10/,greater_hellevoetsluis/planned/1.0/sample_6.csv,greater_hellevoetsluis,reservation,1.0,flex_bus:10,func_key:distance_and_user_times;vot:0.45,sample_6,IR_900_D+UT0.45_FB_10
157,900,75,RollingHorizon,BasicRequest,50,900,PoolingIRSOnly,ImmediateDecisionsSimulation,0,greater_hellevoetsluis/planned/1.0/sample_7/IR_900_D+UT0.45_FB_10/,greater_hellevoetsluis/planned/1.0/sample_7.csv,greater_hellevoetsluis,reservation,1.0,flex_bus:10,func_key:distance_and_user_times;vot:0.45,sample_7,IR_900_D+UT0.45_FB_10
158,900,75,RollingHorizon,BasicRequest,50,900,PoolingIRSOnly,ImmediateDecisionsSimulation,0,greater_hellevoetsluis/planned/1.0/sample_8/IR_900_D+UT0.45_FB_10/,greater_hellevoetsluis/planned/1.0/sample_8.csv,greater_hellevoetsluis,reservation,1.0,flex_bus:10,func_key:distance_and_user_times;vot:0.45,sample_8,IR_900_D+UT0.45_FB_10
159,900,75,RollingHorizon,BasicRequest,50,900,PoolingIRSOnly,ImmediateDecisionsSimulation,0,greater_hellevoetsluis/planned/1.0/sample_9/IR_900_D+UT0.45_FB_10/,greater_hellevoetsluis/planned/1.0/sample_9.csv,greater_hellevoetsluis,reservation,1.0,flex_bus:10,func_key:distance_and_user_times;vot:0.45,sample_9,IR_900_D+UT0.45_FB_10
160,900,75,RollingHorizon,BasicRequest,50,900,PoolingIRSOnly,ImmediateDecisionsSimulation,0,greater_hellevoetsluis/planned/1.0/sample_10/IR_900_D+UT0.45_FB_10/,greater_hellevoetsluis/planned/1.0/sample_10.csv,greater_hellevoetsluis,reservation,1.0,flex_bus:10,func_key:distance_and_user_times;vot:0.45,sample_10,IR_900_D+UT0.45_FB_10
161,900,75,RollingHorizon,BasicRequest,50,900,PoolingIRSOnly,ImmediateDecisionsSimulation,0,greater_hellevoetsluis/planned/1.0/sample_11/IR_900_D+UT0.45_FB_10/,greater_hellevoetsluis/planned/1.0/sample_11.csv,greater_hellevoetsluis,reservation,1.0,flex_bus:10,func_key:distance_and_user_times;vot:0.45,sample_11,IR_900_D+UT0.45_FB_10
162,900,75,RollingHorizon,BasicRequest,50,900,PoolingIRSOnly,ImmediateDecisionsSimulation,0,greater_hellevoetsluis/planned/1.0/sample_12/IR_900_D+UT0.45_FB_10/,greater_hellevoetsluis/planned/1.0/sample_12.csv,greater_hellevoetsluis,reservation,1.0,flex_bus:10,func_key:distance_and_user_times;vot:0.45,sample_12,IR_900_D+UT0.45_FB_10
163,900,75,RollingHorizon,BasicRequest,50,900,PoolingIRSOnly,ImmediateDecisionsSimulation,0,greater_hellevoetsluis/planned/1.0/sample_13/IR_900_D+UT0.45_FB_10/,greater_hellevoetsluis/planned/1.0/sample_13.csv,greater_hellevoetsluis,reservation,1.0,flex_bus:10,func_key:distance_and_user_times;vot:0.45,sample_13,IR_900_D+UT0.45_FB_10
164,900,75,RollingHorizon,BasicRequest,50,900,PoolingIRSOnly,ImmediateDecisionsSimulation,0,greater_hellevoetsluis/planned/1.0/sample_14/IR_900_D+UT0.45_FB_10/,greater_hellevoetsluis/planned/1.0/sample_14.csv,greater_hellevoetsluis,reservation,1.0,flex_bus:10,func_key:distance_and_user_times;vot:0.45,sample_14,IR_900_D+UT0.45_FB_10
165,900,75,RollingHorizon,BasicRequest,50,900,PoolingIRSOnly,ImmediateDecisionsSimulation,0,greater_hellevoetsluis/planned/1.0/sample_15/IR_900_D+UT0.45_FB_10/,greater_hellevoetsluis/planned/1.0/sample_15.csv,greater_hellevoetsluis,reservation,1.0,flex_bus:10,func_key:distance_and_user_times;vot:0.45,sample_15,IR_900_D+UT0.45_FB_10
166,900,75,RollingHorizon,BasicRequest,50,900,PoolingIRSOnly,ImmediateDecisionsSimulation,0,greater_hellevoetsluis/planned/1.0/sample_16/IR_900_D+UT0.45_FB_10/,greater_hellevoetsluis/planned/1.0/sample_16.csv,greater_hellevoetsluis,reservation,1.0,flex_bus:10,func_key:distance_and_user_times;vot:0.45,sample_16,IR_900_D+UT0.45_FB_10
167,900,75,RollingHorizon,BasicRequest,50,900,PoolingIRSOnly,ImmediateDecisionsSimulation,0,greater_hellevoetsluis/planned/1.0/sample_17/IR_900_D+UT0.45_FB_10/,greater_hellevoetsluis/planned/1.0/sample_17.csv,greater_hellevoetsluis,reservation,1.0,flex_bus:10,func_key:distance_and_user_times;vot:0.45,sample_17,IR_900_D+UT0.45_FB_10
168,900,75,RollingHorizon,BasicRequest,50,900,PoolingIRSOnly,ImmediateDecisionsSimulation,0,greater_hellevoetsluis/planned/1.0/sample_18/IR_900_D+UT0.45_FB_10/,greater_hellevoetsluis/planned/1.0/sample_18.csv,greater_hellevoetsluis,reservation,1.0,flex_bus:10,func_key:distance_and_user_times;vot:0.45,sample_18,IR_900_D+UT0.45_FB_10
169,900,75,RollingHorizon,BasicRequest,50,900,PoolingIRSOnly,ImmediateDecisionsSimulation,0,greater_hellevoetsluis/planned/1.0/sample_19/IR_900_D+UT0.45_FB_10/,greater_hellevoetsluis/planned/1.0/sample_19.csv,greater_hellevoetsluis,reservation,1.0,flex_bus:10,func_key:distance_and_user_times;vot:0.45,sample_19,IR_900_D+UT0.45_FB_10
170,900,75,RollingHorizon,BasicRequest,50,900,PoolingIRSOnly,ImmediateDecisionsSimulation,0,greater_hellevoetsluis/planned/1.0/sample_20/IR_900_D+UT0.45_FB_10/,greater_hellevoetsluis/planned/1.0/sample_20.csv,greater_hellevoetsluis,reservation,1.0,flex_bus:10,func_key:distance_and_user_times;vot:0.45,sample_20,IR_900_D+UT0.45_FB_10
171,900,75,RollingHorizon,BasicRequest,50,900,PoolingIRSOnly,ImmediateDecisionsSimulation,0,greater_hellevoetsluis/planned/1.0/sample_21/IR_900_D+UT0.45_FB_10/,greater_hellevoetsluis/planned/1.0/sample_21.csv,greater_hellevoetsluis,reservation,1.0,flex_bus:10,func_key:distance_and_user_times;vot:0.45,sample_21,IR_900_D+UT0.45_FB_10
172,900,75,RollingHorizon,BasicRequest,50,900,PoolingIRSOnly,ImmediateDecisionsSimulation,0,greater_hellevoetsluis/planned/1.0/sample_22/IR_900_D+UT0.45_FB_10/,greater_hellevoetsluis/planned/1.0/sample_22.csv,greater_hellevoetsluis,reservation,1.0,flex_bus:10,func_key:distance_and_user_times;vot:0.45,sample_22,IR_900_D+UT0.45_FB_10
173,900,75,RollingHorizon,BasicRequest,50,900,PoolingIRSOnly,ImmediateDecisionsSimulation,0,greater_hellevoetsluis/planned/1.0/sample_23/IR_900_D+UT0.45_FB_10/,greater_hellevoetsluis/planned/1.0/sample_23.csv,greater_hellevoetsluis,reservation,1.0,flex_bus:10,func_key:distance_and_user_times;vot:0.45,sample_23,IR_900_D+UT0.45_FB_10
174,900,75,RollingHorizon,BasicRequest,50,900,PoolingIRSOnly,ImmediateDecisionsSimulation,0,greater_hellevoetsluis/planned/1.0/sample_24/IR_900_D+UT0.45_FB_10/,greater_hellevoetsluis/planned/1.0/sample_24.csv,greater_hellevoetsluis,reservation,1.0,flex_bus:10,func_key:distance_and_user_times;vot:0.45,sample_24,IR_900_D+UT0.45_FB_10
175,900,75,RollingHorizon,BasicRequest,50,900,PoolingIRSOnly,ImmediateDecisionsSimulation,0,greater_hellevoetsluis/planned/1.0/sample_0/IR_900_D+UT0.45_FB_11/,greater_hellevoetsluis/planned/1.0/sample_0.csv,greater_hellevoetsluis,reservation,1.0,flex_bus:11,func_key:distance_and_user_times;vot:0.45,sample_0,IR_900_D+UT0.45_FB_11
176,900,75,RollingHorizon,BasicRequest,50,900,PoolingIRSOnly,ImmediateDecisionsSimulation,0,greater_hellevoetsluis/planned/1.0/sample_1/IR_900_D+UT0.45_FB_11/,greater_hellevoetsluis/planned/1.0/sample_1.csv,greater_hellevoetsluis,reservation,1.0,flex_bus:11,func_key:distance_and_user_times;vot:0.45,sample_1,IR_900_D+UT0.45_FB_11
177,900,75,RollingHorizon,BasicRequest,50,900,PoolingIRSOnly,ImmediateDecisionsSimulation,0,greater_hellevoetsluis/planned/1.0/sample_2/IR_900_D+UT0.45_FB_11/,greater_hellevoetsluis/planned/1.0/sample_2.csv,greater_hellevoetsluis,reservation,1.0,flex_bus:11,func_key:distance_and_user_times;vot:0.45,sample_2,IR_900_D+UT0.45_FB_11
178,900,75,RollingHorizon,BasicRequest,50,900,PoolingIRSOnly,ImmediateDecisionsSimulation,0,greater_hellevoetsluis/planned/1.0/sample_3/IR_900_D+UT0.45_FB_11/,greater_hellevoetsluis/planned/1.0/sample_3.csv,greater_hellevoetsluis,reservation,1.0,flex_bus:11,func_key:distance_and_user_times;vot:0.45,sample_3,IR_900_D+UT0.45_FB_11
179,900,75,RollingHorizon,BasicRequest,50,900,PoolingIRSOnly,ImmediateDecisionsSimulation,0,greater_hellevoetsluis/planned/1.0/sample_4/IR_900_D+UT0.45_FB_11/,greater_hellevoetsluis/planned/1.0/sample_4.csv,greater_hellevoetsluis,reservation,1.0,flex_bus:11,func_key:distance_and_user_times;vot:0.45,sample_4,IR_900_D+UT0.45_FB_11
180,900,75,RollingHorizon,BasicRequest,50,900,PoolingIRSOnly,ImmediateDecisionsSimulation,0,greater_hellevoetsluis/planned/1.0/sample_5/IR_900_D+UT0.45_FB_11/,greater_hellevoetsluis/planned/1.0/sample_5.csv,greater_hellevoetsluis,reservation,1.0,flex_bus:11,func_key:distance_and_user_times;vot:0.45,sample_5,IR_900_D+UT0.45_FB_11
181,900,75,RollingHorizon,BasicRequest,50,900,PoolingIRSOnly,ImmediateDecisionsSimulation,0,greater_hellevoetsluis/planned/1.0/sample_6/IR_900_D+UT0.45_FB_11/,greater_hellevoetsluis/planned/1.0/sample_6.csv,greater_hellevoetsluis,reservation,1.0,flex_bus:11,func_key:distance_and_user_times;vot:0.45,sample_6,IR_900_D+UT0.45_FB_11
182,900,75,RollingHorizon,BasicRequest,50,900,PoolingIRSOnly,ImmediateDecisionsSimulation,0,greater_hellevoetsluis/planned/1.0/sample_7/IR_900_D+UT0.45_FB_11/,greater_hellevoetsluis/planned/1.0/sample_7.csv,greater_hellevoetsluis,reservation,1.0,flex_bus:11,func_key:distance_and_user_times;vot:0.45,sample_7,IR_900_D+UT0.45_FB_11
183,900,75,RollingHorizon,BasicRequest,50,900,PoolingIRSOnly,ImmediateDecisionsSimulation,0,greater_hellevoetsluis/planned/1.0/sample_8/IR_900_D+UT0.45_FB_11/,greater_hellevoetsluis/planned/1.0/sample_8.csv,greater_hellevoetsluis,reservation,1.0,flex_bus:11,func_key:distance_and_user_times;vot:0.45,sample_8,IR_900_D+UT0.45_FB_11
184,900,75,RollingHorizon,BasicRequest,50,900,PoolingIRSOnly,ImmediateDecisionsSimulation,0,greater_hellevoetsluis/planned/1.0/sample_9/IR_900_D+UT0.45_FB_11/,greater_hellevoetsluis/planned/1.0/sample_9.csv,greater_hellevoetsluis,reservation,1.0,flex_bus:11,func_key:distance_and_user_times;vot:0.45,sample_9,IR_900_D+UT0.45_FB_11
185,900,75,RollingHorizon,BasicRequest,50,900,PoolingIRSOnly,ImmediateDecisionsSimulation,0,greater_hellevoetsluis/planned/1.0/sample_10/IR_900_D+UT0.45_FB_11/,greater_hellevoetsluis/planned/1.0/sample_10.csv,greater_hellevoetsluis,reservation,1.0,flex_bus:11,func_key:distance_and_user_times;vot:0.45,sample_10,IR_900_D+UT0.45_FB_11
186,900,75,RollingHorizon,BasicRequest,50,900,PoolingIRSOnly,ImmediateDecisionsSimulation,0,greater_hellevoetsluis/planned/1.0/sample_11/IR_900_D+UT0.45_FB_11/,greater_hellevoetsluis/planned/1.0/sample_11.csv,greater_hellevoetsluis,reservation,1.0,flex_bus:11,func_key:distance_and_user_times;vot:0.45,sample_11,IR_900_D+UT0.45_FB_11
187,900,75,RollingHorizon,BasicRequest,50,900,PoolingIRSOnly,ImmediateDecisionsSimulation,0,greater_hellevoetsluis/planned/1.0/sample_12/IR_900_D+UT0.45_FB_11/,greater_hellevoetsluis/planned/1.0/sample_12.csv,greater_hellevoetsluis,reservation,1.0,flex_bus:11,func_key:distance_and_user_times;vot:0.45,sample_12,IR_900_D+UT0.45_FB_11
188,900,75,RollingHorizon,BasicRequest,50,900,PoolingIRSOnly,ImmediateDecisionsSimulation,0,greater_hellevoetsluis/planned/1.0/sample_13/IR_900_D+UT0.45_FB_11/,greater_hellevoetsluis/planned/1.0/sample_13.csv,greater_hellevoetsluis,reservation,1.0,flex_bus:11,func_key:distance_and_user_times;vot:0.45,sample_13,IR_900_D+UT0.45_FB_11
189,900,75,RollingHorizon,BasicRequest,50,900,PoolingIRSOnly,ImmediateDecisionsSimulation,0,greater_hellevoetsluis/planned/1.0/sample_14/IR_900_D+UT0.45_FB_11/,greater_hellevoetsluis/planned/1.0/sample_14.csv,greater_hellevoetsluis,reservation,1.0,flex_bus:11,func_key:distance_and_user_times;vot:0.45,sample_14,IR_900_D+UT0.45_FB_11
190,900,75,RollingHorizon,BasicRequest,50,900,PoolingIRSOnly,ImmediateDecisionsSimulation,0,greater_hellevoetsluis/planned/1.0/sample_15/IR_900_D+UT0.45_FB_11/,greater_hellevoetsluis/planned/1.0/sample_15.csv,greater_hellevoetsluis,reservation,1.0,flex_bus:11,func_key:distance_and_user_times;vot:0.45,sample_15,IR_900_D+UT0.45_FB_11
191,900,75,RollingHorizon,BasicRequest,50,900,PoolingIRSOnly,ImmediateDecisionsSimulation,0,greater_hellevoetsluis/planned/1.0/sample_16/IR_900_D+UT0.45_FB_11/,greater_hellevoetsluis/planned/1.0/sample_16.csv,greater_hellevoetsluis,reservation,1.0,flex_bus:11,func_key:distance_and_user_times;vot:0.45,sample_16,IR_900_D+UT0.45_FB_11
192,900,75,RollingHorizon,BasicRequest,50,900,PoolingIRSOnly,ImmediateDecisionsSimulation,0,greater_hellevoetsluis/planned/1.0/sample_17/IR_900_D+UT0.45_FB_11/,greater_hellevoetsluis/planned/1.0/sample_17.csv,greater_hellevoetsluis,reservation,1.0,flex_bus:11,func_key:distance_and_user_times;vot:0.45,sample_17,IR_900_D+UT0.45_FB_11
193,900,75,RollingHorizon,BasicRequest,50,900,PoolingIRSOnly,ImmediateDecisionsSimulation,0,greater_hellevoetsluis/planned/1.0/sample_18/IR_900_D+UT0.45_FB_11/,greater_hellevoetsluis/planned/1.0/sample_18.csv,greater_hellevoetsluis,reservation,1.0,flex_bus:11,func_key:distance_and_user_times;vot:0.45,sample_18,IR_900_D+UT0.45_FB_11
194,900,75,RollingHorizon,BasicRequest,50,900,PoolingIRSOnly,ImmediateDecisionsSimulation,0,greater_hellevoetsluis/planned/1.0/sample_19/IR_900_D+UT0.45_FB_11/,greater_hellevoetsluis/planned/1.0/sample_19.csv,greater_hellevoetsluis,reservation,1.0,flex_bus:11,func_key:distance_and_user_times;vot:0.45,sample_19,IR_900_D+UT0.45_FB_11
195,900,75,RollingHorizon,BasicRequest,50,900,PoolingIRSOnly,ImmediateDecisionsSimulation,0,greater_hellevoetsluis/planned/1.0/sample_20/IR_900_D+UT0.45_FB_11/,greater_hellevoetsluis/planned/1.0/sample_20.csv,greater_hellevoetsluis,reservation,1.0,flex_bus:11,func_key:distance_and_user_times;vot:0.45,sample_20,IR_900_D+UT0.45_FB_11
196,900,75,RollingHorizon,BasicRequest,50,900,PoolingIRSOnly,ImmediateDecisionsSimulation,0,greater_hellevoetsluis/planned/1.0/sample_21/IR_900_D+UT0.45_FB_11/,greater_hellevoetsluis/planned/1.0/sample_21.csv,greater_hellevoetsluis,reservation,1.0,flex_bus:11,func_key:distance_and_user_times;vot:0.45,sample_21,IR_900_D+UT0.45_FB_11
197,900,75,RollingHorizon,BasicRequest,50,900,PoolingIRSOnly,ImmediateDecisionsSimulation,0,greater_hellevoetsluis/planned/1.0/sample_22/IR_900_D+UT0.45_FB_11/,greater_hellevoetsluis/planned/1.0/sample_22.csv,greater_hellevoetsluis,reservation,1.0,flex_bus:11,func_key:distance_and_user_times;vot:0.45,sample_22,IR_900_D+UT0.45_FB_11
198,900,75,RollingHorizon,BasicRequest,50,900,PoolingIRSOnly,ImmediateDecisionsSimulation,0,greater_hellevoetsluis/planned/1.0/sample_23/IR_900_D+UT0.45_FB_11/,greater_hellevoetsluis/planned/1.0/sample_23.csv,greater_hellevoetsluis,reservation,1.0,flex_bus:11,func_key:distance_and_user_times;vot:0.45,sample_23,IR_900_D+UT0.45_FB_11
199,900,75,RollingHorizon,BasicRequest,50,900,PoolingIRSOnly,ImmediateDecisionsSimulation,0,greater_hellevoetsluis/planned/1.0/sample_24/IR_900_D+UT0.45_FB_11/,greater_hellevoetsluis/planned/1.0/sample_24.csv,greater_hellevoetsluis,reservation,1.0,flex_bus:11,func_key:distance_and_user_times;vot:0.45,sample_24,IR_900_D+UT0.45_FB_11
200,900,75,RollingHorizon,BasicRequest,50,900,PoolingIRSOnly,ImmediateDecisionsSimulation,0,greater_hellevoetsluis/planned/1.0/sample_0/IR_900_D+UT0.45_FB_12/,greater_hellevoetsluis/planned/1.0/sample_0.csv,greater_hellevoetsluis,reservation,1.0,flex_bus:12,func_key:distance_and_user_times;vot:0.45,sample_0,IR_900_D+UT0.45_FB_12
201,900,75,RollingHorizon,BasicRequest,50,900,PoolingIRSOnly,ImmediateDecisionsSimulation,0,greater_hellevoetsluis/planned/1.0/sample_1/IR_900_D+UT0.45_FB_12/,greater_hellevoetsluis/planned/1.0/sample_1.csv,greater_hellevoetsluis,reservation,1.0,flex_bus:12,func_key:distance_and_user_times;vot:0.45,sample_1,IR_900_D+UT0.45_FB_12
202,900,75,RollingHorizon,BasicRequest,50,900,PoolingIRSOnly,ImmediateDecisionsSimulation,0,greater_hellevoetsluis/planned/1.0/sample_2/IR_900_D+UT0.45_FB_12/,greater_hellevoetsluis/planned/1.0/sample_2.csv,greater_hellevoetsluis,reservation,1.0,flex_bus:12,func_key:distance_and_user_times;vot:0.45,sample_2,IR_900_D+UT0.45_FB_12
203,900,75,RollingHorizon,BasicRequest,50,900,PoolingIRSOnly,ImmediateDecisionsSimulation,0,greater_hellevoetsluis/planned/1.0/sample_3/IR_900_D+UT0.45_FB_12/,greater_hellevoetsluis/planned/1.0/sample_3.csv,greater_hellevoetsluis,reservation,1.0,flex_bus:12,func_key:distance_and_user_times;vot:0.45,sample_3,IR_900_D+UT0.45_FB_12
204,900,75,RollingHorizon,BasicRequest,50,900,PoolingIRSOnly,ImmediateDecisionsSimulation,0,greater_hellevoetsluis/planned/1.0/sample_4/IR_900_D+UT0.45_FB_12/,greater_hellevoetsluis/planned/1.0/sample_4.csv,greater_hellevoetsluis,reservation,1.0,flex_bus:12,func_key:distance_and_user_times;vot:0.45,sample_4,IR_900_D+UT0.45_FB_12
205,900,75,RollingHorizon,BasicRequest,50,900,PoolingIRSOnly,ImmediateDecisionsSimulation,0,greater_hellevoetsluis/planned/1.0/sample_5/IR_900_D+UT0.45_FB_12/,greater_hellevoetsluis/planned/1.0/sample_5.csv,greater_hellevoetsluis,reservation,1.0,flex_bus:12,func_key:distance_and_user_times;vot:0.45,sample_5,IR_900_D+UT0.45_FB_12
206,900,75,RollingHorizon,BasicRequest,50,900,PoolingIRSOnly,ImmediateDecisionsSimulation,0,greater_hellevoetsluis/planned/1.0/sample_6/IR_900_D+UT0.45_FB_12/,greater_hellevoetsluis/planned/1.0/sample_6.csv,greater_hellevoetsluis,reservation,1.0,flex_bus:12,func_key:distance_and_user_times;vot:0.45,sample_6,IR_900_D+UT0.45_FB_12
207,900,75,RollingHorizon,BasicRequest,50,900,PoolingIRSOnly,ImmediateDecisionsSimulation,0,greater_hellevoetsluis/planned/1.0/sample_7/IR_900_D+UT0.45_FB_12/,greater_hellevoetsluis/planned/1.0/sample_7.csv,greater_hellevoetsluis,reservation,1.0,flex_bus:12,func_key:distance_and_user_times;vot:0.45,sample_7,IR_900_D+UT0.45_FB_12
208,900,75,RollingHorizon,BasicRequest,50,900,PoolingIRSOnly,ImmediateDecisionsSimulation,0,greater_hellevoetsluis/planned/1.0/sample_8/IR_900_D+UT0.45_FB_12/,greater_hellevoetsluis/planned/1.0/sample_8.csv,greater_hellevoetsluis,reservation,1.0,flex_bus:12,func_key:distance_and_user_times;vot:0.45,sample_8,IR_900_D+UT0.45_FB_12
209,900,75,RollingHorizon,BasicRequest,50,900,PoolingIRSOnly,ImmediateDecisionsSimulation,0,greater_hellevoetsluis/planned/1.0/sample_9/IR_900_D+UT0.45_FB_12/,greater_hellevoetsluis/planned/1.0/sample_9.csv,greater_hellevoetsluis,reservation,1.0,flex_bus:12,func_key:distance_and_user_times;vot:0.45,sample_9,IR_900_D+UT0.45_FB_12
210,900,75,RollingHorizon,BasicRequest,50,900,PoolingIRSOnly,ImmediateDecisionsSimulation,0,greater_hellevoetsluis/planned/1.0/sample_10/IR_900_D+UT0.45_FB_12/,greater_hellevoetsluis/planned/1.0/sample_10.csv,greater_hellevoetsluis,reservation,1.0,flex_bus:12,func_key:distance_and_user_times;vot:0.45,sample_10,IR_900_D+UT0.45_FB_12
211,900,75,RollingHorizon,BasicRequest,50,900,PoolingIRSOnly,ImmediateDecisionsSimulation,0,greater_hellevoetsluis/planned/1.0/sample_11/IR_900_D+UT0.45_FB_12/,greater_hellevoetsluis/planned/1.0/sample_11.csv,greater_hellevoetsluis,reservation,1.0,flex_bus:12,func_key:distance_and_user_times;vot:0.45,sample_11,IR_900_D+UT0.45_FB_12
212,900,75,RollingHorizon,BasicRequest,50,900,PoolingIRSOnly,ImmediateDecisionsSimulation,0,greater_hellevoetsluis/planned/1.0/sample_12/IR_900_D+UT0.45_FB_12/,greater_hellevoetsluis/planned/1.0/sample_12.csv,greater_hellevoetsluis,reservation,1.0,flex_bus:12,func_key:distance_and_user_times;vot:0.45,sample_12,IR_900_D+UT0.45_FB_12
213,900,75,RollingHorizon,BasicRequest,50,900,PoolingIRSOnly,ImmediateDecisionsSimulation,0,greater_hellevoetsluis/planned/1.0/sample_13/IR_900_D+UT0.45_FB_12/,greater_hellevoetsluis/planned/1.0/sample_13.csv,greater_hellevoetsluis,reservation,1.0,flex_bus:12,func_key:distance_and_user_times;vot:0.45,sample_13,IR_900_D+UT0.45_FB_12
214,900,75,RollingHorizon,BasicRequest,50,900,PoolingIRSOnly,ImmediateDecisionsSimulation,0,greater_hellevoetsluis/planned/1.0/sample_14/IR_900_D+UT0.45_FB_12/,greater_hellevoetsluis/planned/1.0/sample_14.csv,greater_hellevoetsluis,reservation,1.0,flex_bus:12,func_key:distance_and_user_times;vot:0.45,sample_14,IR_900_D+UT0.45_FB_12
215,900,75,RollingHorizon,BasicRequest,50,900,PoolingIRSOnly,ImmediateDecisionsSimulation,0,greater_hellevoetsluis/planned/1.0/sample_15/IR_900_D+UT0.45_FB_12/,greater_hellevoetsluis/planned/1.0/sample_15.csv,greater_hellevoetsluis,reservation,1.0,flex_bus:12,func_key:distance_and_user_times;vot:0.45,sample_15,IR_900_D+UT0.45_FB_12
216,900,75,RollingHorizon,BasicRequest,50,900,PoolingIRSOnly,ImmediateDecisionsSimulation,0,greater_hellevoetsluis/planned/1.0/sample_16/IR_900_D+UT0.45_FB_12/,greater_hellevoetsluis/planned/1.0/sample_16.csv,greater_hellevoetsluis,reservation,1.0,flex_bus:12,func_key:distance_and_user_times;vot:0.45,sample_16,IR_900_D+UT0.45_FB_12
217,900,75,RollingHorizon,BasicRequest,50,900,PoolingIRSOnly,ImmediateDecisionsSimulation,0,greater_hellevoetsluis/planned/1.0/sample_17/IR_900_D+UT0.45_FB_12/,greater_hellevoetsluis/planned/1.0/sample_17.csv,greater_hellevoetsluis,reservation,1.0,flex_bus:12,func_key:distance_and_user_times;vot:0.45,sample_17,IR_900_D+UT0.45_FB_12
218,900,75,RollingHorizon,BasicRequest,50,900,PoolingIRSOnly,ImmediateDecisionsSimulation,0,greater_hellevoetsluis/planned/1.0/sample_18/IR_900_D+UT0.45_FB_12/,greater_hellevoetsluis/planned/1.0/sample_18.csv,greater_hellevoetsluis,reservation,1.0,flex_bus:12,func_key:distance_and_user_times;vot:0.45,sample_18,IR_900_D+UT0.45_FB_12
219,900,75,RollingHorizon,BasicRequest,50,900,PoolingIRSOnly,ImmediateDecisionsSimulation,0,greater_hellevoetsluis/planned/1.0/sample_19/IR_900_D+UT0.45_FB_12/,greater_hellevoetsluis/planned/1.0/sample_19.csv,greater_hellevoetsluis,reservation,1.0,flex_bus:12,func_key:distance_and_user_times;vot:0.45,sample_19,IR_900_D+UT0.45_FB_12
220,900,75,RollingHorizon,BasicRequest,50,900,PoolingIRSOnly,ImmediateDecisionsSimulation,0,greater_hellevoetsluis/planned/1.0/sample_20/IR_900_D+UT0.45_FB_12/,greater_hellevoetsluis/planned/1.0/sample_20.csv,greater_hellevoetsluis,reservation,1.0,flex_bus:12,func_key:distance_and_user_times;vot:0.45,sample_20,IR_900_D+UT0.45_FB_12
221,900,75,RollingHorizon,BasicRequest,50,900,PoolingIRSOnly,ImmediateDecisionsSimulation,0,greater_hellevoetsluis/planned/1.0/sample_21/IR_900_D+UT0.45_FB_12/,greater_hellevoetsluis/planned/1.0/sample_21.csv,greater_hellevoetsluis,reservation,1.0,flex_bus:12,func_key:distance_and_user_times;vot:0.45,sample_21,IR_900_D+UT0.45_FB_12
222,900,75,RollingHorizon,BasicRequest,50,900,PoolingIRSOnly,ImmediateDecisionsSimulation,0,greater_hellevoetsluis/planned/1.0/sample_22/IR_900_D+UT0.45_FB_12/,greater_hellevoetsluis/planned/1.0/sample_22.csv,greater_hellevoetsluis,reservation,1.0,flex_bus:12,func_key:distance_and_user_times;vot:0.45,sample_22,IR_900_D+UT0.45_FB_12
223,900,75,RollingHorizon,BasicRequest,50,900,PoolingIRSOnly,ImmediateDecisionsSimulation,0,greater_hellevoetsluis/planned/1.0/sample_23/IR_900_D+UT0.45_FB_12/,greater_hellevoetsluis/planned/1.0/sample_23.csv,greater_hellevoetsluis,reservation,1.0,flex_bus:12,func_key:distance_and_user_times;vot:0.45,sample_23,IR_900_D+UT0.45_FB_12
224,900,75,RollingHorizon,BasicRequest,50,900,PoolingIRSOnly,ImmediateDecisionsSimulation,0,greater_hellevoetsluis/planned/1.0/sample_24/IR_900_D+UT0.45_FB_12/,greater_hellevoetsluis/planned/1.0/sample_24.csv,greater_hellevoetsluis,reservation,1.0,flex_bus:12,func_key:distance_and_user_times;vot:0.45,sample_24,IR_900_D+UT0.45_FB_12
