,op_max_wait_time,op_max_detour_time_factor,op_reservation_module,rq_type,op_module,sim_env,user_max_decision_time,scenario_name,rq_file,demand_folder,demand_type,demand_scalar,op_fleet_composition,op_vr_control_func_dict,sample,config_str,capacity,w_wt,w_tt
0,7200,10000,RollingHorizon,BasicRequest,PoolingIRSOnly,ImmediateDecisionsSimulation,0,greater_hellevoetsluis/flag/0.25/sample_0/IR_7200_DWT1.0TT1.0_FB_7/,greater_hellevoetsluis/flag/0.25/sample_0.csv,greater_hellevoetsluis,wave,0.25,flex_bus:7,func_key:distance_and_weighted_user_times;w_wt:1.0;w_tt:1.0,sample_0,IR_7200_DWT1.0TT1.0_FB_7,8,1.0,1.0
1,7200,10000,RollingHorizon,BasicRequest,PoolingIRSOnly,ImmediateDecisionsSimulation,0,greater_hellevoetsluis/flag/0.25/sample_1/IR_7200_DWT1.0TT1.0_FB_7/,greater_hellevoetsluis/flag/0.25/sample_1.csv,greater_hellevoetsluis,wave,0.25,flex_bus:7,func_key:distance_and_weighted_user_times;w_wt:1.0;w_tt:1.0,sample_1,IR_7200_DWT1.0TT1.0_FB_7,8,1.0,1.0
2,7200,10000,RollingHorizon,BasicRequest,PoolingIRSOnly,ImmediateDecisionsSimulation,0,greater_hellevoetsluis/flag/0.25/sample_2/IR_7200_DWT1.0TT1.0_FB_7/,greater_hellevoetsluis/flag/0.25/sample_2.csv,greater_hellevoetsluis,wave,0.25,flex_bus:7,func_key:distance_and_weighted_user_times;w_wt:1.0;w_tt:1.0,sample_2,IR_7200_DWT1.0TT1.0_FB_7,8,1.0,1.0
3,7200,10000,RollingHorizon,BasicRequest,PoolingIRSOnly,ImmediateDecisionsSimulation,0,greater_hellevoetsluis/flag/0.25/sample_3/IR_7200_DWT1.0TT1.0_FB_7/,greater_hellevoetsluis/flag/0.25/sample_3.csv,greater_hellevoetsluis,wave,0.25,flex_bus:7,func_key:distance_and_weighted_user_times;w_wt:1.0;w_tt:1.0,sample_3,IR_7200_DWT1.0TT1.0_FB_7,8,1.0,1.0
4,7200,10000,RollingHorizon,BasicRequest,PoolingIRSOnly,ImmediateDecisionsSimulation,0,greater_hellevoetsluis/flag/0.25/sample_4/IR_7200_DWT1.0TT1.0_FB_7/,greater_hellevoetsluis/flag/0.25/sample_4.csv,greater_hellevoetsluis,wave,0.25,flex_bus:7,func_key:distance_and_weighted_user_times;w_wt:1.0;w_tt:1.0,sample_4,IR_7200_DWT1.0TT1.0_FB_7,8,1.0,1.0
5,7200,10000,RollingHorizon,BasicRequest,PoolingIRSOnly,ImmediateDecisionsSimulation,0,greater_hellevoetsluis/flag/0.25/sample_5/IR_7200_DWT1.0TT1.0_FB_7/,greater_hellevoetsluis/flag/0.25/sample_5.csv,greater_hellevoetsluis,wave,0.25,flex_bus:7,func_key:distance_and_weighted_user_times;w_wt:1.0;w_tt:1.0,sample_5,IR_7200_DWT1.0TT1.0_FB_7,8,1.0,1.0
6,7200,10000,RollingHorizon,BasicRequest,PoolingIRSOnly,ImmediateDecisionsSimulation,0,greater_hellevoetsluis/flag/0.25/sample_6/IR_7200_DWT1.0TT1.0_FB_7/,greater_hellevoetsluis/flag/0.25/sample_6.csv,greater_hellevoetsluis,wave,0.25,flex_bus:7,func_key:distance_and_weighted_user_times;w_wt:1.0;w_tt:1.0,sample_6,IR_7200_DWT1.0TT1.0_FB_7,8,1.0,1.0
7,7200,10000,RollingHorizon,BasicRequest,PoolingIRSOnly,ImmediateDecisionsSimulation,0,greater_hellevoetsluis/flag/0.25/sample_7/IR_7200_DWT1.0TT1.0_FB_7/,greater_hellevoetsluis/flag/0.25/sample_7.csv,greater_hellevoetsluis,wave,0.25,flex_bus:7,func_key:distance_and_weighted_user_times;w_wt:1.0;w_tt:1.0,sample_7,IR_7200_DWT1.0TT1.0_FB_7,8,1.0,1.0
8,7200,10000,RollingHorizon,BasicRequest,PoolingIRSOnly,ImmediateDecisionsSimulation,0,greater_hellevoetsluis/flag/0.25/sample_8/IR_7200_DWT1.0TT1.0_FB_7/,greater_hellevoetsluis/flag/0.25/sample_8.csv,greater_hellevoetsluis,wave,0.25,flex_bus:7,func_key:distance_and_weighted_user_times;w_wt:1.0;w_tt:1.0,sample_8,IR_7200_DWT1.0TT1.0_FB_7,8,1.0,1.0
9,7200,10000,RollingHorizon,BasicRequest,PoolingIRSOnly,ImmediateDecisionsSimulation,0,greater_hellevoetsluis/flag/0.25/sample_9/IR_7200_DWT1.0TT1.0_FB_7/,greater_hellevoetsluis/flag/0.25/sample_9.csv,greater_hellevoetsluis,wave,0.25,flex_bus:7,func_key:distance_and_weighted_user_times;w_wt:1.0;w_tt:1.0,sample_9,IR_7200_DWT1.0TT1.0_FB_7,8,1.0,1.0
10,7200,10000,RollingHorizon,BasicRequest,PoolingIRSOnly,ImmediateDecisionsSimulation,0,greater_hellevoetsluis/flag/0.25/sample_0/IR_7200_DWT1.0TT1.0_FB_8/,greater_hellevoetsluis/flag/0.25/sample_0.csv,greater_hellevoetsluis,wave,0.25,flex_bus:8,func_key:distance_and_weighted_user_times;w_wt:1.0;w_tt:1.0,sample_0,IR_7200_DWT1.0TT1.0_FB_8,8,1.0,1.0
11,7200,10000,RollingHorizon,BasicRequest,PoolingIRSOnly,ImmediateDecisionsSimulation,0,greater_hellevoetsluis/flag/0.25/sample_1/IR_7200_DWT1.0TT1.0_FB_8/,greater_hellevoetsluis/flag/0.25/sample_1.csv,greater_hellevoetsluis,wave,0.25,flex_bus:8,func_key:distance_and_weighted_user_times;w_wt:1.0;w_tt:1.0,sample_1,IR_7200_DWT1.0TT1.0_FB_8,8,1.0,1.0
12,7200,10000,RollingHorizon,BasicRequest,PoolingIRSOnly,ImmediateDecisionsSimulation,0,greater_hellevoetsluis/flag/0.25/sample_2/IR_7200_DWT1.0TT1.0_FB_8/,greater_hellevoetsluis/flag/0.25/sample_2.csv,greater_hellevoetsluis,wave,0.25,flex_bus:8,func_key:distance_and_weighted_user_times;w_wt:1.0;w_tt:1.0,sample_2,IR_7200_DWT1.0TT1.0_FB_8,8,1.0,1.0
13,7200,10000,RollingHorizon,BasicRequest,PoolingIRSOnly,ImmediateDecisionsSimulation,0,greater_hellevoetsluis/flag/0.25/sample_3/IR_7200_DWT1.0TT1.0_FB_8/,greater_hellevoetsluis/flag/0.25/sample_3.csv,greater_hellevoetsluis,wave,0.25,flex_bus:8,func_key:distance_and_weighted_user_times;w_wt:1.0;w_tt:1.0,sample_3,IR_7200_DWT1.0TT1.0_FB_8,8,1.0,1.0
14,7200,10000,RollingHorizon,BasicRequest,PoolingIRSOnly,ImmediateDecisionsSimulation,0,greater_hellevoetsluis/flag/0.25/sample_4/IR_7200_DWT1.0TT1.0_FB_8/,greater_hellevoetsluis/flag/0.25/sample_4.csv,greater_hellevoetsluis,wave,0.25,flex_bus:8,func_key:distance_and_weighted_user_times;w_wt:1.0;w_tt:1.0,sample_4,IR_7200_DWT1.0TT1.0_FB_8,8,1.0,1.0
15,7200,10000,RollingHorizon,BasicRequest,PoolingIRSOnly,ImmediateDecisionsSimulation,0,greater_hellevoetsluis/flag/0.25/sample_5/IR_7200_DWT1.0TT1.0_FB_8/,greater_hellevoetsluis/flag/0.25/sample_5.csv,greater_hellevoetsluis,wave,0.25,flex_bus:8,func_key:distance_and_weighted_user_times;w_wt:1.0;w_tt:1.0,sample_5,IR_7200_DWT1.0TT1.0_FB_8,8,1.0,1.0
16,7200,10000,RollingHorizon,BasicRequest,PoolingIRSOnly,ImmediateDecisionsSimulation,0,greater_hellevoetsluis/flag/0.25/sample_6/IR_7200_DWT1.0TT1.0_FB_8/,greater_hellevoetsluis/flag/0.25/sample_6.csv,greater_hellevoetsluis,wave,0.25,flex_bus:8,func_key:distance_and_weighted_user_times;w_wt:1.0;w_tt:1.0,sample_6,IR_7200_DWT1.0TT1.0_FB_8,8,1.0,1.0
17,7200,10000,RollingHorizon,BasicRequest,PoolingIRSOnly,ImmediateDecisionsSimulation,0,greater_hellevoetsluis/flag/0.25/sample_7/IR_7200_DWT1.0TT1.0_FB_8/,greater_hellevoetsluis/flag/0.25/sample_7.csv,greater_hellevoetsluis,wave,0.25,flex_bus:8,func_key:distance_and_weighted_user_times;w_wt:1.0;w_tt:1.0,sample_7,IR_7200_DWT1.0TT1.0_FB_8,8,1.0,1.0
18,7200,10000,RollingHorizon,BasicRequest,PoolingIRSOnly,ImmediateDecisionsSimulation,0,greater_hellevoetsluis/flag/0.25/sample_8/IR_7200_DWT1.0TT1.0_FB_8/,greater_hellevoetsluis/flag/0.25/sample_8.csv,greater_hellevoetsluis,wave,0.25,flex_bus:8,func_key:distance_and_weighted_user_times;w_wt:1.0;w_tt:1.0,sample_8,IR_7200_DWT1.0TT1.0_FB_8,8,1.0,1.0
19,7200,10000,RollingHorizon,BasicRequest,PoolingIRSOnly,ImmediateDecisionsSimulation,0,greater_hellevoetsluis/flag/0.25/sample_9/IR_7200_DWT1.0TT1.0_FB_8/,greater_hellevoetsluis/flag/0.25/sample_9.csv,greater_hellevoetsluis,wave,0.25,flex_bus:8,func_key:distance_and_weighted_user_times;w_wt:1.0;w_tt:1.0,sample_9,IR_7200_DWT1.0TT1.0_FB_8,8,1.0,1.0
20,7200,10000,RollingHorizon,BasicRequest,PoolingIRSOnly,ImmediateDecisionsSimulation,0,greater_hellevoetsluis/flag/0.5/sample_0/IR_7200_DWT1.0TT1.0_FB_7/,greater_hellevoetsluis/flag/0.5/sample_0.csv,greater_hellevoetsluis,wave,0.5,flex_bus:7,func_key:distance_and_weighted_user_times;w_wt:1.0;w_tt:1.0,sample_0,IR_7200_DWT1.0TT1.0_FB_7,8,1.0,1.0
21,7200,10000,RollingHorizon,BasicRequest,PoolingIRSOnly,ImmediateDecisionsSimulation,0,greater_hellevoetsluis/flag/0.5/sample_1/IR_7200_DWT1.0TT1.0_FB_7/,greater_hellevoetsluis/flag/0.5/sample_1.csv,greater_hellevoetsluis,wave,0.5,flex_bus:7,func_key:distance_and_weighted_user_times;w_wt:1.0;w_tt:1.0,sample_1,IR_7200_DWT1.0TT1.0_FB_7,8,1.0,1.0
22,7200,10000,RollingHorizon,BasicRequest,PoolingIRSOnly,ImmediateDecisionsSimulation,0,greater_hellevoetsluis/flag/0.5/sample_2/IR_7200_DWT1.0TT1.0_FB_7/,greater_hellevoetsluis/flag/0.5/sample_2.csv,greater_hellevoetsluis,wave,0.5,flex_bus:7,func_key:distance_and_weighted_user_times;w_wt:1.0;w_tt:1.0,sample_2,IR_7200_DWT1.0TT1.0_FB_7,8,1.0,1.0
23,7200,10000,RollingHorizon,BasicRequest,PoolingIRSOnly,ImmediateDecisionsSimulation,0,greater_hellevoetsluis/flag/0.5/sample_3/IR_7200_DWT1.0TT1.0_FB_7/,greater_hellevoetsluis/flag/0.5/sample_3.csv,greater_hellevoetsluis,wave,0.5,flex_bus:7,func_key:distance_and_weighted_user_times;w_wt:1.0;w_tt:1.0,sample_3,IR_7200_DWT1.0TT1.0_FB_7,8,1.0,1.0
24,7200,10000,RollingHorizon,BasicRequest,PoolingIRSOnly,ImmediateDecisionsSimulation,0,greater_hellevoetsluis/flag/0.5/sample_4/IR_7200_DWT1.0TT1.0_FB_7/,greater_hellevoetsluis/flag/0.5/sample_4.csv,greater_hellevoetsluis,wave,0.5,flex_bus:7,func_key:distance_and_weighted_user_times;w_wt:1.0;w_tt:1.0,sample_4,IR_7200_DWT1.0TT1.0_FB_7,8,1.0,1.0
25,7200,10000,RollingHorizon,BasicRequest,PoolingIRSOnly,ImmediateDecisionsSimulation,0,greater_hellevoetsluis/flag/0.5/sample_5/IR_7200_DWT1.0TT1.0_FB_7/,greater_hellevoetsluis/flag/0.5/sample_5.csv,greater_hellevoetsluis,wave,0.5,flex_bus:7,func_key:distance_and_weighted_user_times;w_wt:1.0;w_tt:1.0,sample_5,IR_7200_DWT1.0TT1.0_FB_7,8,1.0,1.0
26,7200,10000,RollingHorizon,BasicRequest,PoolingIRSOnly,ImmediateDecisionsSimulation,0,greater_hellevoetsluis/flag/0.5/sample_6/IR_7200_DWT1.0TT1.0_FB_7/,greater_hellevoetsluis/flag/0.5/sample_6.csv,greater_hellevoetsluis,wave,0.5,flex_bus:7,func_key:distance_and_weighted_user_times;w_wt:1.0;w_tt:1.0,sample_6,IR_7200_DWT1.0TT1.0_FB_7,8,1.0,1.0
27,7200,10000,RollingHorizon,BasicRequest,PoolingIRSOnly,ImmediateDecisionsSimulation,0,greater_hellevoetsluis/flag/0.5/sample_7/IR_7200_DWT1.0TT1.0_FB_7/,greater_hellevoetsluis/flag/0.5/sample_7.csv,greater_hellevoetsluis,wave,0.5,flex_bus:7,func_key:distance_and_weighted_user_times;w_wt:1.0;w_tt:1.0,sample_7,IR_7200_DWT1.0TT1.0_FB_7,8,1.0,1.0
28,7200,10000,RollingHorizon,BasicRequest,PoolingIRSOnly,ImmediateDecisionsSimulation,0,greater_hellevoetsluis/flag/0.5/sample_8/IR_7200_DWT1.0TT1.0_FB_7/,greater_hellevoetsluis/flag/0.5/sample_8.csv,greater_hellevoetsluis,wave,0.5,flex_bus:7,func_key:distance_and_weighted_user_times;w_wt:1.0;w_tt:1.0,sample_8,IR_7200_DWT1.0TT1.0_FB_7,8,1.0,1.0
29,7200,10000,RollingHorizon,BasicRequest,PoolingIRSOnly,ImmediateDecisionsSimulation,0,greater_hellevoetsluis/flag/0.5/sample_9/IR_7200_DWT1.0TT1.0_FB_7/,greater_hellevoetsluis/flag/0.5/sample_9.csv,greater_hellevoetsluis,wave,0.5,flex_bus:7,func_key:distance_and_weighted_user_times;w_wt:1.0;w_tt:1.0,sample_9,IR_7200_DWT1.0TT1.0_FB_7,8,1.0,1.0
30,7200,10000,RollingHorizon,BasicRequest,PoolingIRSOnly,ImmediateDecisionsSimulation,0,greater_hellevoetsluis/flag/0.5/sample_0/IR_7200_DWT1.0TT1.0_FB_8/,greater_hellevoetsluis/flag/0.5/sample_0.csv,greater_hellevoetsluis,wave,0.5,flex_bus:8,func_key:distance_and_weighted_user_times;w_wt:1.0;w_tt:1.0,sample_0,IR_7200_DWT1.0TT1.0_FB_8,8,1.0,1.0
31,7200,10000,RollingHorizon,BasicRequest,PoolingIRSOnly,ImmediateDecisionsSimulation,0,greater_hellevoetsluis/flag/0.5/sample_1/IR_7200_DWT1.0TT1.0_FB_8/,greater_hellevoetsluis/flag/0.5/sample_1.csv,greater_hellevoetsluis,wave,0.5,flex_bus:8,func_key:distance_and_weighted_user_times;w_wt:1.0;w_tt:1.0,sample_1,IR_7200_DWT1.0TT1.0_FB_8,8,1.0,1.0
32,7200,10000,RollingHorizon,BasicRequest,PoolingIRSOnly,ImmediateDecisionsSimulation,0,greater_hellevoetsluis/flag/0.5/sample_2/IR_7200_DWT1.0TT1.0_FB_8/,greater_hellevoetsluis/flag/0.5/sample_2.csv,greater_hellevoetsluis,wave,0.5,flex_bus:8,func_key:distance_and_weighted_user_times;w_wt:1.0;w_tt:1.0,sample_2,IR_7200_DWT1.0TT1.0_FB_8,8,1.0,1.0
33,7200,10000,RollingHorizon,BasicRequest,PoolingIRSOnly,ImmediateDecisionsSimulation,0,greater_hellevoetsluis/flag/0.5/sample_3/IR_7200_DWT1.0TT1.0_FB_8/,greater_hellevoetsluis/flag/0.5/sample_3.csv,greater_hellevoetsluis,wave,0.5,flex_bus:8,func_key:distance_and_weighted_user_times;w_wt:1.0;w_tt:1.0,sample_3,IR_7200_DWT1.0TT1.0_FB_8,8,1.0,1.0
34,7200,10000,RollingHorizon,BasicRequest,PoolingIRSOnly,ImmediateDecisionsSimulation,0,greater_hellevoetsluis/flag/0.5/sample_4/IR_7200_DWT1.0TT1.0_FB_8/,greater_hellevoetsluis/flag/0.5/sample_4.csv,greater_hellevoetsluis,wave,0.5,flex_bus:8,func_key:distance_and_weighted_user_times;w_wt:1.0;w_tt:1.0,sample_4,IR_7200_DWT1.0TT1.0_FB_8,8,1.0,1.0
35,7200,10000,RollingHorizon,BasicRequest,PoolingIRSOnly,ImmediateDecisionsSimulation,0,greater_hellevoetsluis/flag/0.5/sample_5/IR_7200_DWT1.0TT1.0_FB_8/,greater_hellevoetsluis/flag/0.5/sample_5.csv,greater_hellevoetsluis,wave,0.5,flex_bus:8,func_key:distance_and_weighted_user_times;w_wt:1.0;w_tt:1.0,sample_5,IR_7200_DWT1.0TT1.0_FB_8,8,1.0,1.0
36,7200,10000,RollingHorizon,BasicRequest,PoolingIRSOnly,ImmediateDecisionsSimulation,0,greater_hellevoetsluis/flag/0.5/sample_6/IR_7200_DWT1.0TT1.0_FB_8/,greater_hellevoetsluis/flag/0.5/sample_6.csv,greater_hellevoetsluis,wave,0.5,flex_bus:8,func_key:distance_and_weighted_user_times;w_wt:1.0;w_tt:1.0,sample_6,IR_7200_DWT1.0TT1.0_FB_8,8,1.0,1.0
37,7200,10000,RollingHorizon,BasicRequest,PoolingIRSOnly,ImmediateDecisionsSimulation,0,greater_hellevoetsluis/flag/0.5/sample_7/IR_7200_DWT1.0TT1.0_FB_8/,greater_hellevoetsluis/flag/0.5/sample_7.csv,greater_hellevoetsluis,wave,0.5,flex_bus:8,func_key:distance_and_weighted_user_times;w_wt:1.0;w_tt:1.0,sample_7,IR_7200_DWT1.0TT1.0_FB_8,8,1.0,1.0
38,7200,10000,RollingHorizon,BasicRequest,PoolingIRSOnly,ImmediateDecisionsSimulation,0,greater_hellevoetsluis/flag/0.5/sample_8/IR_7200_DWT1.0TT1.0_FB_8/,greater_hellevoetsluis/flag/0.5/sample_8.csv,greater_hellevoetsluis,wave,0.5,flex_bus:8,func_key:distance_and_weighted_user_times;w_wt:1.0;w_tt:1.0,sample_8,IR_7200_DWT1.0TT1.0_FB_8,8,1.0,1.0
39,7200,10000,RollingHorizon,BasicRequest,PoolingIRSOnly,ImmediateDecisionsSimulation,0,greater_hellevoetsluis/flag/0.5/sample_9/IR_7200_DWT1.0TT1.0_FB_8/,greater_hellevoetsluis/flag/0.5/sample_9.csv,greater_hellevoetsluis,wave,0.5,flex_bus:8,func_key:distance_and_weighted_user_times;w_wt:1.0;w_tt:1.0,sample_9,IR_7200_DWT1.0TT1.0_FB_8,8,1.0,1.0
40,7200,10000,RollingHorizon,BasicRequest,PoolingIRSOnly,ImmediateDecisionsSimulation,0,greater_hellevoetsluis/flag/0.75/sample_0/IR_7200_DWT1.0TT1.0_FB_7/,greater_hellevoetsluis/flag/0.75/sample_0.csv,greater_hellevoetsluis,wave,0.75,flex_bus:7,func_key:distance_and_weighted_user_times;w_wt:1.0;w_tt:1.0,sample_0,IR_7200_DWT1.0TT1.0_FB_7,8,1.0,1.0
41,7200,10000,RollingHorizon,BasicRequest,PoolingIRSOnly,ImmediateDecisionsSimulation,0,greater_hellevoetsluis/flag/0.75/sample_1/IR_7200_DWT1.0TT1.0_FB_7/,greater_hellevoetsluis/flag/0.75/sample_1.csv,greater_hellevoetsluis,wave,0.75,flex_bus:7,func_key:distance_and_weighted_user_times;w_wt:1.0;w_tt:1.0,sample_1,IR_7200_DWT1.0TT1.0_FB_7,8,1.0,1.0
42,7200,10000,RollingHorizon,BasicRequest,PoolingIRSOnly,ImmediateDecisionsSimulation,0,greater_hellevoetsluis/flag/0.75/sample_2/IR_7200_DWT1.0TT1.0_FB_7/,greater_hellevoetsluis/flag/0.75/sample_2.csv,greater_hellevoetsluis,wave,0.75,flex_bus:7,func_key:distance_and_weighted_user_times;w_wt:1.0;w_tt:1.0,sample_2,IR_7200_DWT1.0TT1.0_FB_7,8,1.0,1.0
43,7200,10000,RollingHorizon,BasicRequest,PoolingIRSOnly,ImmediateDecisionsSimulation,0,greater_hellevoetsluis/flag/0.75/sample_3/IR_7200_DWT1.0TT1.0_FB_7/,greater_hellevoetsluis/flag/0.75/sample_3.csv,greater_hellevoetsluis,wave,0.75,flex_bus:7,func_key:distance_and_weighted_user_times;w_wt:1.0;w_tt:1.0,sample_3,IR_7200_DWT1.0TT1.0_FB_7,8,1.0,1.0
44,7200,10000,RollingHorizon,BasicRequest,PoolingIRSOnly,ImmediateDecisionsSimulation,0,greater_hellevoetsluis/flag/0.75/sample_4/IR_7200_DWT1.0TT1.0_FB_7/,greater_hellevoetsluis/flag/0.75/sample_4.csv,greater_hellevoetsluis,wave,0.75,flex_bus:7,func_key:distance_and_weighted_user_times;w_wt:1.0;w_tt:1.0,sample_4,IR_7200_DWT1.0TT1.0_FB_7,8,1.0,1.0
45,7200,10000,RollingHorizon,BasicRequest,PoolingIRSOnly,ImmediateDecisionsSimulation,0,greater_hellevoetsluis/flag/0.75/sample_5/IR_7200_DWT1.0TT1.0_FB_7/,greater_hellevoetsluis/flag/0.75/sample_5.csv,greater_hellevoetsluis,wave,0.75,flex_bus:7,func_key:distance_and_weighted_user_times;w_wt:1.0;w_tt:1.0,sample_5,IR_7200_DWT1.0TT1.0_FB_7,8,1.0,1.0
46,7200,10000,RollingHorizon,BasicRequest,PoolingIRSOnly,ImmediateDecisionsSimulation,0,greater_hellevoetsluis/flag/0.75/sample_6/IR_7200_DWT1.0TT1.0_FB_7/,greater_hellevoetsluis/flag/0.75/sample_6.csv,greater_hellevoetsluis,wave,0.75,flex_bus:7,func_key:distance_and_weighted_user_times;w_wt:1.0;w_tt:1.0,sample_6,IR_7200_DWT1.0TT1.0_FB_7,8,1.0,1.0
47,7200,10000,RollingHorizon,BasicRequest,PoolingIRSOnly,ImmediateDecisionsSimulation,0,greater_hellevoetsluis/flag/0.75/sample_7/IR_7200_DWT1.0TT1.0_FB_7/,greater_hellevoetsluis/flag/0.75/sample_7.csv,greater_hellevoetsluis,wave,0.75,flex_bus:7,func_key:distance_and_weighted_user_times;w_wt:1.0;w_tt:1.0,sample_7,IR_7200_DWT1.0TT1.0_FB_7,8,1.0,1.0
48,7200,10000,RollingHorizon,BasicRequest,PoolingIRSOnly,ImmediateDecisionsSimulation,0,greater_hellevoetsluis/flag/0.75/sample_8/IR_7200_DWT1.0TT1.0_FB_7/,greater_hellevoetsluis/flag/0.75/sample_8.csv,greater_hellevoetsluis,wave,0.75,flex_bus:7,func_key:distance_and_weighted_user_times;w_wt:1.0;w_tt:1.0,sample_8,IR_7200_DWT1.0TT1.0_FB_7,8,1.0,1.0
49,7200,10000,RollingHorizon,BasicRequest,PoolingIRSOnly,ImmediateDecisionsSimulation,0,greater_hellevoetsluis/flag/0.75/sample_9/IR_7200_DWT1.0TT1.0_FB_7/,greater_hellevoetsluis/flag/0.75/sample_9.csv,greater_hellevoetsluis,wave,0.75,flex_bus:7,func_key:distance_and_weighted_user_times;w_wt:1.0;w_tt:1.0,sample_9,IR_7200_DWT1.0TT1.0_FB_7,8,1.0,1.0
50,7200,10000,RollingHorizon,BasicRequest,PoolingIRSOnly,ImmediateDecisionsSimulation,0,greater_hellevoetsluis/flag/0.75/sample_0/IR_7200_DWT1.0TT1.0_FB_8/,greater_hellevoetsluis/flag/0.75/sample_0.csv,greater_hellevoetsluis,wave,0.75,flex_bus:8,func_key:distance_and_weighted_user_times;w_wt:1.0;w_tt:1.0,sample_0,IR_7200_DWT1.0TT1.0_FB_8,8,1.0,1.0
51,7200,10000,RollingHorizon,BasicRequest,PoolingIRSOnly,ImmediateDecisionsSimulation,0,greater_hellevoetsluis/flag/0.75/sample_1/IR_7200_DWT1.0TT1.0_FB_8/,greater_hellevoetsluis/flag/0.75/sample_1.csv,greater_hellevoetsluis,wave,0.75,flex_bus:8,func_key:distance_and_weighted_user_times;w_wt:1.0;w_tt:1.0,sample_1,IR_7200_DWT1.0TT1.0_FB_8,8,1.0,1.0
52,7200,10000,RollingHorizon,BasicRequest,PoolingIRSOnly,ImmediateDecisionsSimulation,0,greater_hellevoetsluis/flag/0.75/sample_2/IR_7200_DWT1.0TT1.0_FB_8/,greater_hellevoetsluis/flag/0.75/sample_2.csv,greater_hellevoetsluis,wave,0.75,flex_bus:8,func_key:distance_and_weighted_user_times;w_wt:1.0;w_tt:1.0,sample_2,IR_7200_DWT1.0TT1.0_FB_8,8,1.0,1.0
53,7200,10000,RollingHorizon,BasicRequest,PoolingIRSOnly,ImmediateDecisionsSimulation,0,greater_hellevoetsluis/flag/0.75/sample_3/IR_7200_DWT1.0TT1.0_FB_8/,greater_hellevoetsluis/flag/0.75/sample_3.csv,greater_hellevoetsluis,wave,0.75,flex_bus:8,func_key:distance_and_weighted_user_times;w_wt:1.0;w_tt:1.0,sample_3,IR_7200_DWT1.0TT1.0_FB_8,8,1.0,1.0
54,7200,10000,RollingHorizon,BasicRequest,PoolingIRSOnly,ImmediateDecisionsSimulation,0,greater_hellevoetsluis/flag/0.75/sample_4/IR_7200_DWT1.0TT1.0_FB_8/,greater_hellevoetsluis/flag/0.75/sample_4.csv,greater_hellevoetsluis,wave,0.75,flex_bus:8,func_key:distance_and_weighted_user_times;w_wt:1.0;w_tt:1.0,sample_4,IR_7200_DWT1.0TT1.0_FB_8,8,1.0,1.0
55,7200,10000,RollingHorizon,BasicRequest,PoolingIRSOnly,ImmediateDecisionsSimulation,0,greater_hellevoetsluis/flag/0.75/sample_5/IR_7200_DWT1.0TT1.0_FB_8/,greater_hellevoetsluis/flag/0.75/sample_5.csv,greater_hellevoetsluis,wave,0.75,flex_bus:8,func_key:distance_and_weighted_user_times;w_wt:1.0;w_tt:1.0,sample_5,IR_7200_DWT1.0TT1.0_FB_8,8,1.0,1.0
56,7200,10000,RollingHorizon,BasicRequest,PoolingIRSOnly,ImmediateDecisionsSimulation,0,greater_hellevoetsluis/flag/0.75/sample_6/IR_7200_DWT1.0TT1.0_FB_8/,greater_hellevoetsluis/flag/0.75/sample_6.csv,greater_hellevoetsluis,wave,0.75,flex_bus:8,func_key:distance_and_weighted_user_times;w_wt:1.0;w_tt:1.0,sample_6,IR_7200_DWT1.0TT1.0_FB_8,8,1.0,1.0
57,7200,10000,RollingHorizon,BasicRequest,PoolingIRSOnly,ImmediateDecisionsSimulation,0,greater_hellevoetsluis/flag/0.75/sample_7/IR_7200_DWT1.0TT1.0_FB_8/,greater_hellevoetsluis/flag/0.75/sample_7.csv,greater_hellevoetsluis,wave,0.75,flex_bus:8,func_key:distance_and_weighted_user_times;w_wt:1.0;w_tt:1.0,sample_7,IR_7200_DWT1.0TT1.0_FB_8,8,1.0,1.0
58,7200,10000,RollingHorizon,BasicRequest,PoolingIRSOnly,ImmediateDecisionsSimulation,0,greater_hellevoetsluis/flag/0.75/sample_8/IR_7200_DWT1.0TT1.0_FB_8/,greater_hellevoetsluis/flag/0.75/sample_8.csv,greater_hellevoetsluis,wave,0.75,flex_bus:8,func_key:distance_and_weighted_user_times;w_wt:1.0;w_tt:1.0,sample_8,IR_7200_DWT1.0TT1.0_FB_8,8,1.0,1.0
59,7200,10000,RollingHorizon,BasicRequest,PoolingIRSOnly,ImmediateDecisionsSimulation,0,greater_hellevoetsluis/flag/0.75/sample_9/IR_7200_DWT1.0TT1.0_FB_8/,greater_hellevoetsluis/flag/0.75/sample_9.csv,greater_hellevoetsluis,wave,0.75,flex_bus:8,func_key:distance_and_weighted_user_times;w_wt:1.0;w_tt:1.0,sample_9,IR_7200_DWT1.0TT1.0_FB_8,8,1.0,1.0
60,7200,10000,RollingHorizon,BasicRequest,PoolingIRSOnly,ImmediateDecisionsSimulation,0,greater_hellevoetsluis/flag/1.0/sample_0/IR_7200_DWT1.0TT1.0_FB_7/,greater_hellevoetsluis/flag/1.0/sample_0.csv,greater_hellevoetsluis,wave,1.0,flex_bus:7,func_key:distance_and_weighted_user_times;w_wt:1.0;w_tt:1.0,sample_0,IR_7200_DWT1.0TT1.0_FB_7,8,1.0,1.0
61,7200,10000,RollingHorizon,BasicRequest,PoolingIRSOnly,ImmediateDecisionsSimulation,0,greater_hellevoetsluis/flag/1.0/sample_1/IR_7200_DWT1.0TT1.0_FB_7/,greater_hellevoetsluis/flag/1.0/sample_1.csv,greater_hellevoetsluis,wave,1.0,flex_bus:7,func_key:distance_and_weighted_user_times;w_wt:1.0;w_tt:1.0,sample_1,IR_7200_DWT1.0TT1.0_FB_7,8,1.0,1.0
62,7200,10000,RollingHorizon,BasicRequest,PoolingIRSOnly,ImmediateDecisionsSimulation,0,greater_hellevoetsluis/flag/1.0/sample_2/IR_7200_DWT1.0TT1.0_FB_7/,greater_hellevoetsluis/flag/1.0/sample_2.csv,greater_hellevoetsluis,wave,1.0,flex_bus:7,func_key:distance_and_weighted_user_times;w_wt:1.0;w_tt:1.0,sample_2,IR_7200_DWT1.0TT1.0_FB_7,8,1.0,1.0
63,7200,10000,RollingHorizon,BasicRequest,PoolingIRSOnly,ImmediateDecisionsSimulation,0,greater_hellevoetsluis/flag/1.0/sample_3/IR_7200_DWT1.0TT1.0_FB_7/,greater_hellevoetsluis/flag/1.0/sample_3.csv,greater_hellevoetsluis,wave,1.0,flex_bus:7,func_key:distance_and_weighted_user_times;w_wt:1.0;w_tt:1.0,sample_3,IR_7200_DWT1.0TT1.0_FB_7,8,1.0,1.0
64,7200,10000,RollingHorizon,BasicRequest,PoolingIRSOnly,ImmediateDecisionsSimulation,0,greater_hellevoetsluis/flag/1.0/sample_4/IR_7200_DWT1.0TT1.0_FB_7/,greater_hellevoetsluis/flag/1.0/sample_4.csv,greater_hellevoetsluis,wave,1.0,flex_bus:7,func_key:distance_and_weighted_user_times;w_wt:1.0;w_tt:1.0,sample_4,IR_7200_DWT1.0TT1.0_FB_7,8,1.0,1.0
65,7200,10000,RollingHorizon,BasicRequest,PoolingIRSOnly,ImmediateDecisionsSimulation,0,greater_hellevoetsluis/flag/1.0/sample_5/IR_7200_DWT1.0TT1.0_FB_7/,greater_hellevoetsluis/flag/1.0/sample_5.csv,greater_hellevoetsluis,wave,1.0,flex_bus:7,func_key:distance_and_weighted_user_times;w_wt:1.0;w_tt:1.0,sample_5,IR_7200_DWT1.0TT1.0_FB_7,8,1.0,1.0
66,7200,10000,RollingHorizon,BasicRequest,PoolingIRSOnly,ImmediateDecisionsSimulation,0,greater_hellevoetsluis/flag/1.0/sample_6/IR_7200_DWT1.0TT1.0_FB_7/,greater_hellevoetsluis/flag/1.0/sample_6.csv,greater_hellevoetsluis,wave,1.0,flex_bus:7,func_key:distance_and_weighted_user_times;w_wt:1.0;w_tt:1.0,sample_6,IR_7200_DWT1.0TT1.0_FB_7,8,1.0,1.0
67,7200,10000,RollingHorizon,BasicRequest,PoolingIRSOnly,ImmediateDecisionsSimulation,0,greater_hellevoetsluis/flag/1.0/sample_7/IR_7200_DWT1.0TT1.0_FB_7/,greater_hellevoetsluis/flag/1.0/sample_7.csv,greater_hellevoetsluis,wave,1.0,flex_bus:7,func_key:distance_and_weighted_user_times;w_wt:1.0;w_tt:1.0,sample_7,IR_7200_DWT1.0TT1.0_FB_7,8,1.0,1.0
68,7200,10000,RollingHorizon,BasicRequest,PoolingIRSOnly,ImmediateDecisionsSimulation,0,greater_hellevoetsluis/flag/1.0/sample_8/IR_7200_DWT1.0TT1.0_FB_7/,greater_hellevoetsluis/flag/1.0/sample_8.csv,greater_hellevoetsluis,wave,1.0,flex_bus:7,func_key:distance_and_weighted_user_times;w_wt:1.0;w_tt:1.0,sample_8,IR_7200_DWT1.0TT1.0_FB_7,8,1.0,1.0
69,7200,10000,RollingHorizon,BasicRequest,PoolingIRSOnly,ImmediateDecisionsSimulation,0,greater_hellevoetsluis/flag/1.0/sample_9/IR_7200_DWT1.0TT1.0_FB_7/,greater_hellevoetsluis/flag/1.0/sample_9.csv,greater_hellevoetsluis,wave,1.0,flex_bus:7,func_key:distance_and_weighted_user_times;w_wt:1.0;w_tt:1.0,sample_9,IR_7200_DWT1.0TT1.0_FB_7,8,1.0,1.0
70,7200,10000,RollingHorizon,BasicRequest,PoolingIRSOnly,ImmediateDecisionsSimulation,0,greater_hellevoetsluis/flag/1.0/sample_0/IR_7200_DWT1.0TT1.0_FB_8/,greater_hellevoetsluis/flag/1.0/sample_0.csv,greater_hellevoetsluis,wave,1.0,flex_bus:8,func_key:distance_and_weighted_user_times;w_wt:1.0;w_tt:1.0,sample_0,IR_7200_DWT1.0TT1.0_FB_8,8,1.0,1.0
71,7200,10000,RollingHorizon,BasicRequest,PoolingIRSOnly,ImmediateDecisionsSimulation,0,greater_hellevoetsluis/flag/1.0/sample_1/IR_7200_DWT1.0TT1.0_FB_8/,greater_hellevoetsluis/flag/1.0/sample_1.csv,greater_hellevoetsluis,wave,1.0,flex_bus:8,func_key:distance_and_weighted_user_times;w_wt:1.0;w_tt:1.0,sample_1,IR_7200_DWT1.0TT1.0_FB_8,8,1.0,1.0
72,7200,10000,RollingHorizon,BasicRequest,PoolingIRSOnly,ImmediateDecisionsSimulation,0,greater_hellevoetsluis/flag/1.0/sample_2/IR_7200_DWT1.0TT1.0_FB_8/,greater_hellevoetsluis/flag/1.0/sample_2.csv,greater_hellevoetsluis,wave,1.0,flex_bus:8,func_key:distance_and_weighted_user_times;w_wt:1.0;w_tt:1.0,sample_2,IR_7200_DWT1.0TT1.0_FB_8,8,1.0,1.0
73,7200,10000,RollingHorizon,BasicRequest,PoolingIRSOnly,ImmediateDecisionsSimulation,0,greater_hellevoetsluis/flag/1.0/sample_3/IR_7200_DWT1.0TT1.0_FB_8/,greater_hellevoetsluis/flag/1.0/sample_3.csv,greater_hellevoetsluis,wave,1.0,flex_bus:8,func_key:distance_and_weighted_user_times;w_wt:1.0;w_tt:1.0,sample_3,IR_7200_DWT1.0TT1.0_FB_8,8,1.0,1.0
74,7200,10000,RollingHorizon,BasicRequest,PoolingIRSOnly,ImmediateDecisionsSimulation,0,greater_hellevoetsluis/flag/1.0/sample_4/IR_7200_DWT1.0TT1.0_FB_8/,greater_hellevoetsluis/flag/1.0/sample_4.csv,greater_hellevoetsluis,wave,1.0,flex_bus:8,func_key:distance_and_weighted_user_times;w_wt:1.0;w_tt:1.0,sample_4,IR_7200_DWT1.0TT1.0_FB_8,8,1.0,1.0
75,7200,10000,RollingHorizon,BasicRequest,PoolingIRSOnly,ImmediateDecisionsSimulation,0,greater_hellevoetsluis/flag/1.0/sample_5/IR_7200_DWT1.0TT1.0_FB_8/,greater_hellevoetsluis/flag/1.0/sample_5.csv,greater_hellevoetsluis,wave,1.0,flex_bus:8,func_key:distance_and_weighted_user_times;w_wt:1.0;w_tt:1.0,sample_5,IR_7200_DWT1.0TT1.0_FB_8,8,1.0,1.0
76,7200,10000,RollingHorizon,BasicRequest,PoolingIRSOnly,ImmediateDecisionsSimulation,0,greater_hellevoetsluis/flag/1.0/sample_6/IR_7200_DWT1.0TT1.0_FB_8/,greater_hellevoetsluis/flag/1.0/sample_6.csv,greater_hellevoetsluis,wave,1.0,flex_bus:8,func_key:distance_and_weighted_user_times;w_wt:1.0;w_tt:1.0,sample_6,IR_7200_DWT1.0TT1.0_FB_8,8,1.0,1.0
77,7200,10000,RollingHorizon,BasicRequest,PoolingIRSOnly,ImmediateDecisionsSimulation,0,greater_hellevoetsluis/flag/1.0/sample_7/IR_7200_DWT1.0TT1.0_FB_8/,greater_hellevoetsluis/flag/1.0/sample_7.csv,greater_hellevoetsluis,wave,1.0,flex_bus:8,func_key:distance_and_weighted_user_times;w_wt:1.0;w_tt:1.0,sample_7,IR_7200_DWT1.0TT1.0_FB_8,8,1.0,1.0
78,7200,10000,RollingHorizon,BasicRequest,PoolingIRSOnly,ImmediateDecisionsSimulation,0,greater_hellevoetsluis/flag/1.0/sample_8/IR_7200_DWT1.0TT1.0_FB_8/,greater_hellevoetsluis/flag/1.0/sample_8.csv,greater_hellevoetsluis,wave,1.0,flex_bus:8,func_key:distance_and_weighted_user_times;w_wt:1.0;w_tt:1.0,sample_8,IR_7200_DWT1.0TT1.0_FB_8,8,1.0,1.0
79,7200,10000,RollingHorizon,BasicRequest,PoolingIRSOnly,ImmediateDecisionsSimulation,0,greater_hellevoetsluis/flag/1.0/sample_9/IR_7200_DWT1.0TT1.0_FB_8/,greater_hellevoetsluis/flag/1.0/sample_9.csv,greater_hellevoetsluis,wave,1.0,flex_bus:8,func_key:distance_and_weighted_user_times;w_wt:1.0;w_tt:1.0,sample_9,IR_7200_DWT1.0TT1.0_FB_8,8,1.0,1.0
80,7200,10000,RollingHorizon,BasicRequest,PoolingIRSOnly,ImmediateDecisionsSimulation,0,greater_hellevoetsluis/flag/1.25/sample_0/IR_7200_DWT1.0TT1.0_FB_7/,greater_hellevoetsluis/flag/1.25/sample_0.csv,greater_hellevoetsluis,wave,1.25,flex_bus:7,func_key:distance_and_weighted_user_times;w_wt:1.0;w_tt:1.0,sample_0,IR_7200_DWT1.0TT1.0_FB_7,8,1.0,1.0
81,7200,10000,RollingHorizon,BasicRequest,PoolingIRSOnly,ImmediateDecisionsSimulation,0,greater_hellevoetsluis/flag/1.25/sample_1/IR_7200_DWT1.0TT1.0_FB_7/,greater_hellevoetsluis/flag/1.25/sample_1.csv,greater_hellevoetsluis,wave,1.25,flex_bus:7,func_key:distance_and_weighted_user_times;w_wt:1.0;w_tt:1.0,sample_1,IR_7200_DWT1.0TT1.0_FB_7,8,1.0,1.0
82,7200,10000,RollingHorizon,BasicRequest,PoolingIRSOnly,ImmediateDecisionsSimulation,0,greater_hellevoetsluis/flag/1.25/sample_2/IR_7200_DWT1.0TT1.0_FB_7/,greater_hellevoetsluis/flag/1.25/sample_2.csv,greater_hellevoetsluis,wave,1.25,flex_bus:7,func_key:distance_and_weighted_user_times;w_wt:1.0;w_tt:1.0,sample_2,IR_7200_DWT1.0TT1.0_FB_7,8,1.0,1.0
83,7200,10000,RollingHorizon,BasicRequest,PoolingIRSOnly,ImmediateDecisionsSimulation,0,greater_hellevoetsluis/flag/1.25/sample_3/IR_7200_DWT1.0TT1.0_FB_7/,greater_hellevoetsluis/flag/1.25/sample_3.csv,greater_hellevoetsluis,wave,1.25,flex_bus:7,func_key:distance_and_weighted_user_times;w_wt:1.0;w_tt:1.0,sample_3,IR_7200_DWT1.0TT1.0_FB_7,8,1.0,1.0
84,7200,10000,RollingHorizon,BasicRequest,PoolingIRSOnly,ImmediateDecisionsSimulation,0,greater_hellevoetsluis/flag/1.25/sample_4/IR_7200_DWT1.0TT1.0_FB_7/,greater_hellevoetsluis/flag/1.25/sample_4.csv,greater_hellevoetsluis,wave,1.25,flex_bus:7,func_key:distance_and_weighted_user_times;w_wt:1.0;w_tt:1.0,sample_4,IR_7200_DWT1.0TT1.0_FB_7,8,1.0,1.0
85,7200,10000,RollingHorizon,BasicRequest,PoolingIRSOnly,ImmediateDecisionsSimulation,0,greater_hellevoetsluis/flag/1.25/sample_5/IR_7200_DWT1.0TT1.0_FB_7/,greater_hellevoetsluis/flag/1.25/sample_5.csv,greater_hellevoetsluis,wave,1.25,flex_bus:7,func_key:distance_and_weighted_user_times;w_wt:1.0;w_tt:1.0,sample_5,IR_7200_DWT1.0TT1.0_FB_7,8,1.0,1.0
86,7200,10000,RollingHorizon,BasicRequest,PoolingIRSOnly,ImmediateDecisionsSimulation,0,greater_hellevoetsluis/flag/1.25/sample_6/IR_7200_DWT1.0TT1.0_FB_7/,greater_hellevoetsluis/flag/1.25/sample_6.csv,greater_hellevoetsluis,wave,1.25,flex_bus:7,func_key:distance_and_weighted_user_times;w_wt:1.0;w_tt:1.0,sample_6,IR_7200_DWT1.0TT1.0_FB_7,8,1.0,1.0
87,7200,10000,RollingHorizon,BasicRequest,PoolingIRSOnly,ImmediateDecisionsSimulation,0,greater_hellevoetsluis/flag/1.25/sample_7/IR_7200_DWT1.0TT1.0_FB_7/,greater_hellevoetsluis/flag/1.25/sample_7.csv,greater_hellevoetsluis,wave,1.25,flex_bus:7,func_key:distance_and_weighted_user_times;w_wt:1.0;w_tt:1.0,sample_7,IR_7200_DWT1.0TT1.0_FB_7,8,1.0,1.0
88,7200,10000,RollingHorizon,BasicRequest,PoolingIRSOnly,ImmediateDecisionsSimulation,0,greater_hellevoetsluis/flag/1.25/sample_8/IR_7200_DWT1.0TT1.0_FB_7/,greater_hellevoetsluis/flag/1.25/sample_8.csv,greater_hellevoetsluis,wave,1.25,flex_bus:7,func_key:distance_and_weighted_user_times;w_wt:1.0;w_tt:1.0,sample_8,IR_7200_DWT1.0TT1.0_FB_7,8,1.0,1.0
89,7200,10000,RollingHorizon,BasicRequest,PoolingIRSOnly,ImmediateDecisionsSimulation,0,greater_hellevoetsluis/flag/1.25/sample_9/IR_7200_DWT1.0TT1.0_FB_7/,greater_hellevoetsluis/flag/1.25/sample_9.csv,greater_hellevoetsluis,wave,1.25,flex_bus:7,func_key:distance_and_weighted_user_times;w_wt:1.0;w_tt:1.0,sample_9,IR_7200_DWT1.0TT1.0_FB_7,8,1.0,1.0
90,7200,10000,RollingHorizon,BasicRequest,PoolingIRSOnly,ImmediateDecisionsSimulation,0,greater_hellevoetsluis/flag/1.25/sample_0/IR_7200_DWT1.0TT1.0_FB_8/,greater_hellevoetsluis/flag/1.25/sample_0.csv,greater_hellevoetsluis,wave,1.25,flex_bus:8,func_key:distance_and_weighted_user_times;w_wt:1.0;w_tt:1.0,sample_0,IR_7200_DWT1.0TT1.0_FB_8,8,1.0,1.0
91,7200,10000,RollingHorizon,BasicRequest,PoolingIRSOnly,ImmediateDecisionsSimulation,0,greater_hellevoetsluis/flag/1.25/sample_1/IR_7200_DWT1.0TT1.0_FB_8/,greater_hellevoetsluis/flag/1.25/sample_1.csv,greater_hellevoetsluis,wave,1.25,flex_bus:8,func_key:distance_and_weighted_user_times;w_wt:1.0;w_tt:1.0,sample_1,IR_7200_DWT1.0TT1.0_FB_8,8,1.0,1.0
92,7200,10000,RollingHorizon,BasicRequest,PoolingIRSOnly,ImmediateDecisionsSimulation,0,greater_hellevoetsluis/flag/1.25/sample_2/IR_7200_DWT1.0TT1.0_FB_8/,greater_hellevoetsluis/flag/1.25/sample_2.csv,greater_hellevoetsluis,wave,1.25,flex_bus:8,func_key:distance_and_weighted_user_times;w_wt:1.0;w_tt:1.0,sample_2,IR_7200_DWT1.0TT1.0_FB_8,8,1.0,1.0
93,7200,10000,RollingHorizon,BasicRequest,PoolingIRSOnly,ImmediateDecisionsSimulation,0,greater_hellevoetsluis/flag/1.25/sample_3/IR_7200_DWT1.0TT1.0_FB_8/,greater_hellevoetsluis/flag/1.25/sample_3.csv,greater_hellevoetsluis,wave,1.25,flex_bus:8,func_key:distance_and_weighted_user_times;w_wt:1.0;w_tt:1.0,sample_3,IR_7200_DWT1.0TT1.0_FB_8,8,1.0,1.0
94,7200,10000,RollingHorizon,BasicRequest,PoolingIRSOnly,ImmediateDecisionsSimulation,0,greater_hellevoetsluis/flag/1.25/sample_4/IR_7200_DWT1.0TT1.0_FB_8/,greater_hellevoetsluis/flag/1.25/sample_4.csv,greater_hellevoetsluis,wave,1.25,flex_bus:8,func_key:distance_and_weighted_user_times;w_wt:1.0;w_tt:1.0,sample_4,IR_7200_DWT1.0TT1.0_FB_8,8,1.0,1.0
95,7200,10000,RollingHorizon,BasicRequest,PoolingIRSOnly,ImmediateDecisionsSimulation,0,greater_hellevoetsluis/flag/1.25/sample_5/IR_7200_DWT1.0TT1.0_FB_8/,greater_hellevoetsluis/flag/1.25/sample_5.csv,greater_hellevoetsluis,wave,1.25,flex_bus:8,func_key:distance_and_weighted_user_times;w_wt:1.0;w_tt:1.0,sample_5,IR_7200_DWT1.0TT1.0_FB_8,8,1.0,1.0
96,7200,10000,RollingHorizon,BasicRequest,PoolingIRSOnly,ImmediateDecisionsSimulation,0,greater_hellevoetsluis/flag/1.25/sample_6/IR_7200_DWT1.0TT1.0_FB_8/,greater_hellevoetsluis/flag/1.25/sample_6.csv,greater_hellevoetsluis,wave,1.25,flex_bus:8,func_key:distance_and_weighted_user_times;w_wt:1.0;w_tt:1.0,sample_6,IR_7200_DWT1.0TT1.0_FB_8,8,1.0,1.0
97,7200,10000,RollingHorizon,BasicRequest,PoolingIRSOnly,ImmediateDecisionsSimulation,0,greater_hellevoetsluis/flag/1.25/sample_7/IR_7200_DWT1.0TT1.0_FB_8/,greater_hellevoetsluis/flag/1.25/sample_7.csv,greater_hellevoetsluis,wave,1.25,flex_bus:8,func_key:distance_and_weighted_user_times;w_wt:1.0;w_tt:1.0,sample_7,IR_7200_DWT1.0TT1.0_FB_8,8,1.0,1.0
98,7200,10000,RollingHorizon,BasicRequest,PoolingIRSOnly,ImmediateDecisionsSimulation,0,greater_hellevoetsluis/flag/1.25/sample_8/IR_7200_DWT1.0TT1.0_FB_8/,greater_hellevoetsluis/flag/1.25/sample_8.csv,greater_hellevoetsluis,wave,1.25,flex_bus:8,func_key:distance_and_weighted_user_times;w_wt:1.0;w_tt:1.0,sample_8,IR_7200_DWT1.0TT1.0_FB_8,8,1.0,1.0
99,7200,10000,RollingHorizon,BasicRequest,PoolingIRSOnly,ImmediateDecisionsSimulation,0,greater_hellevoetsluis/flag/1.25/sample_9/IR_7200_DWT1.0TT1.0_FB_8/,greater_hellevoetsluis/flag/1.25/sample_9.csv,greater_hellevoetsluis,wave,1.25,flex_bus:8,func_key:distance_and_weighted_user_times;w_wt:1.0;w_tt:1.0,sample_9,IR_7200_DWT1.0TT1.0_FB_8,8,1.0,1.0
100,7200,10000,RollingHorizon,BasicRequest,PoolingIRSOnly,ImmediateDecisionsSimulation,0,greater_hellevoetsluis/flag/1.5/sample_0/IR_7200_DWT1.0TT1.0_FB_7/,greater_hellevoetsluis/flag/1.5/sample_0.csv,greater_hellevoetsluis,wave,1.5,flex_bus:7,func_key:distance_and_weighted_user_times;w_wt:1.0;w_tt:1.0,sample_0,IR_7200_DWT1.0TT1.0_FB_7,8,1.0,1.0
101,7200,10000,RollingHorizon,BasicRequest,PoolingIRSOnly,ImmediateDecisionsSimulation,0,greater_hellevoetsluis/flag/1.5/sample_1/IR_7200_DWT1.0TT1.0_FB_7/,greater_hellevoetsluis/flag/1.5/sample_1.csv,greater_hellevoetsluis,wave,1.5,flex_bus:7,func_key:distance_and_weighted_user_times;w_wt:1.0;w_tt:1.0,sample_1,IR_7200_DWT1.0TT1.0_FB_7,8,1.0,1.0
102,7200,10000,RollingHorizon,BasicRequest,PoolingIRSOnly,ImmediateDecisionsSimulation,0,greater_hellevoetsluis/flag/1.5/sample_2/IR_7200_DWT1.0TT1.0_FB_7/,greater_hellevoetsluis/flag/1.5/sample_2.csv,greater_hellevoetsluis,wave,1.5,flex_bus:7,func_key:distance_and_weighted_user_times;w_wt:1.0;w_tt:1.0,sample_2,IR_7200_DWT1.0TT1.0_FB_7,8,1.0,1.0
103,7200,10000,RollingHorizon,BasicRequest,PoolingIRSOnly,ImmediateDecisionsSimulation,0,greater_hellevoetsluis/flag/1.5/sample_3/IR_7200_DWT1.0TT1.0_FB_7/,greater_hellevoetsluis/flag/1.5/sample_3.csv,greater_hellevoetsluis,wave,1.5,flex_bus:7,func_key:distance_and_weighted_user_times;w_wt:1.0;w_tt:1.0,sample_3,IR_7200_DWT1.0TT1.0_FB_7,8,1.0,1.0
104,7200,10000,RollingHorizon,BasicRequest,PoolingIRSOnly,ImmediateDecisionsSimulation,0,greater_hellevoetsluis/flag/1.5/sample_4/IR_7200_DWT1.0TT1.0_FB_7/,greater_hellevoetsluis/flag/1.5/sample_4.csv,greater_hellevoetsluis,wave,1.5,flex_bus:7,func_key:distance_and_weighted_user_times;w_wt:1.0;w_tt:1.0,sample_4,IR_7200_DWT1.0TT1.0_FB_7,8,1.0,1.0
105,7200,10000,RollingHorizon,BasicRequest,PoolingIRSOnly,ImmediateDecisionsSimulation,0,greater_hellevoetsluis/flag/1.5/sample_5/IR_7200_DWT1.0TT1.0_FB_7/,greater_hellevoetsluis/flag/1.5/sample_5.csv,greater_hellevoetsluis,wave,1.5,flex_bus:7,func_key:distance_and_weighted_user_times;w_wt:1.0;w_tt:1.0,sample_5,IR_7200_DWT1.0TT1.0_FB_7,8,1.0,1.0
106,7200,10000,RollingHorizon,BasicRequest,PoolingIRSOnly,ImmediateDecisionsSimulation,0,greater_hellevoetsluis/flag/1.5/sample_6/IR_7200_DWT1.0TT1.0_FB_7/,greater_hellevoetsluis/flag/1.5/sample_6.csv,greater_hellevoetsluis,wave,1.5,flex_bus:7,func_key:distance_and_weighted_user_times;w_wt:1.0;w_tt:1.0,sample_6,IR_7200_DWT1.0TT1.0_FB_7,8,1.0,1.0
107,7200,10000,RollingHorizon,BasicRequest,PoolingIRSOnly,ImmediateDecisionsSimulation,0,greater_hellevoetsluis/flag/1.5/sample_7/IR_7200_DWT1.0TT1.0_FB_7/,greater_hellevoetsluis/flag/1.5/sample_7.csv,greater_hellevoetsluis,wave,1.5,flex_bus:7,func_key:distance_and_weighted_user_times;w_wt:1.0;w_tt:1.0,sample_7,IR_7200_DWT1.0TT1.0_FB_7,8,1.0,1.0
108,7200,10000,RollingHorizon,BasicRequest,PoolingIRSOnly,ImmediateDecisionsSimulation,0,greater_hellevoetsluis/flag/1.5/sample_8/IR_7200_DWT1.0TT1.0_FB_7/,greater_hellevoetsluis/flag/1.5/sample_8.csv,greater_hellevoetsluis,wave,1.5,flex_bus:7,func_key:distance_and_weighted_user_times;w_wt:1.0;w_tt:1.0,sample_8,IR_7200_DWT1.0TT1.0_FB_7,8,1.0,1.0
109,7200,10000,RollingHorizon,BasicRequest,PoolingIRSOnly,ImmediateDecisionsSimulation,0,greater_hellevoetsluis/flag/1.5/sample_9/IR_7200_DWT1.0TT1.0_FB_7/,greater_hellevoetsluis/flag/1.5/sample_9.csv,greater_hellevoetsluis,wave,1.5,flex_bus:7,func_key:distance_and_weighted_user_times;w_wt:1.0;w_tt:1.0,sample_9,IR_7200_DWT1.0TT1.0_FB_7,8,1.0,1.0
110,7200,10000,RollingHorizon,BasicRequest,PoolingIRSOnly,ImmediateDecisionsSimulation,0,greater_hellevoetsluis/flag/1.5/sample_0/IR_7200_DWT1.0TT1.0_FB_8/,greater_hellevoetsluis/flag/1.5/sample_0.csv,greater_hellevoetsluis,wave,1.5,flex_bus:8,func_key:distance_and_weighted_user_times;w_wt:1.0;w_tt:1.0,sample_0,IR_7200_DWT1.0TT1.0_FB_8,8,1.0,1.0
111,7200,10000,RollingHorizon,BasicRequest,PoolingIRSOnly,ImmediateDecisionsSimulation,0,greater_hellevoetsluis/flag/1.5/sample_1/IR_7200_DWT1.0TT1.0_FB_8/,greater_hellevoetsluis/flag/1.5/sample_1.csv,greater_hellevoetsluis,wave,1.5,flex_bus:8,func_key:distance_and_weighted_user_times;w_wt:1.0;w_tt:1.0,sample_1,IR_7200_DWT1.0TT1.0_FB_8,8,1.0,1.0
112,7200,10000,RollingHorizon,BasicRequest,PoolingIRSOnly,ImmediateDecisionsSimulation,0,greater_hellevoetsluis/flag/1.5/sample_2/IR_7200_DWT1.0TT1.0_FB_8/,greater_hellevoetsluis/flag/1.5/sample_2.csv,greater_hellevoetsluis,wave,1.5,flex_bus:8,func_key:distance_and_weighted_user_times;w_wt:1.0;w_tt:1.0,sample_2,IR_7200_DWT1.0TT1.0_FB_8,8,1.0,1.0
113,7200,10000,RollingHorizon,BasicRequest,PoolingIRSOnly,ImmediateDecisionsSimulation,0,greater_hellevoetsluis/flag/1.5/sample_3/IR_7200_DWT1.0TT1.0_FB_8/,greater_hellevoetsluis/flag/1.5/sample_3.csv,greater_hellevoetsluis,wave,1.5,flex_bus:8,func_key:distance_and_weighted_user_times;w_wt:1.0;w_tt:1.0,sample_3,IR_7200_DWT1.0TT1.0_FB_8,8,1.0,1.0
114,7200,10000,RollingHorizon,BasicRequest,PoolingIRSOnly,ImmediateDecisionsSimulation,0,greater_hellevoetsluis/flag/1.5/sample_4/IR_7200_DWT1.0TT1.0_FB_8/,greater_hellevoetsluis/flag/1.5/sample_4.csv,greater_hellevoetsluis,wave,1.5,flex_bus:8,func_key:distance_and_weighted_user_times;w_wt:1.0;w_tt:1.0,sample_4,IR_7200_DWT1.0TT1.0_FB_8,8,1.0,1.0
115,7200,10000,RollingHorizon,BasicRequest,PoolingIRSOnly,ImmediateDecisionsSimulation,0,greater_hellevoetsluis/flag/1.5/sample_5/IR_7200_DWT1.0TT1.0_FB_8/,greater_hellevoetsluis/flag/1.5/sample_5.csv,greater_hellevoetsluis,wave,1.5,flex_bus:8,func_key:distance_and_weighted_user_times;w_wt:1.0;w_tt:1.0,sample_5,IR_7200_DWT1.0TT1.0_FB_8,8,1.0,1.0
116,7200,10000,RollingHorizon,BasicRequest,PoolingIRSOnly,ImmediateDecisionsSimulation,0,greater_hellevoetsluis/flag/1.5/sample_6/IR_7200_DWT1.0TT1.0_FB_8/,greater_hellevoetsluis/flag/1.5/sample_6.csv,greater_hellevoetsluis,wave,1.5,flex_bus:8,func_key:distance_and_weighted_user_times;w_wt:1.0;w_tt:1.0,sample_6,IR_7200_DWT1.0TT1.0_FB_8,8,1.0,1.0
117,7200,10000,RollingHorizon,BasicRequest,PoolingIRSOnly,ImmediateDecisionsSimulation,0,greater_hellevoetsluis/flag/1.5/sample_7/IR_7200_DWT1.0TT1.0_FB_8/,greater_hellevoetsluis/flag/1.5/sample_7.csv,greater_hellevoetsluis,wave,1.5,flex_bus:8,func_key:distance_and_weighted_user_times;w_wt:1.0;w_tt:1.0,sample_7,IR_7200_DWT1.0TT1.0_FB_8,8,1.0,1.0
118,7200,10000,RollingHorizon,BasicRequest,PoolingIRSOnly,ImmediateDecisionsSimulation,0,greater_hellevoetsluis/flag/1.5/sample_8/IR_7200_DWT1.0TT1.0_FB_8/,greater_hellevoetsluis/flag/1.5/sample_8.csv,greater_hellevoetsluis,wave,1.5,flex_bus:8,func_key:distance_and_weighted_user_times;w_wt:1.0;w_tt:1.0,sample_8,IR_7200_DWT1.0TT1.0_FB_8,8,1.0,1.0
119,7200,10000,RollingHorizon,BasicRequest,PoolingIRSOnly,ImmediateDecisionsSimulation,0,greater_hellevoetsluis/flag/1.5/sample_9/IR_7200_DWT1.0TT1.0_FB_8/,greater_hellevoetsluis/flag/1.5/sample_9.csv,greater_hellevoetsluis,wave,1.5,flex_bus:8,func_key:distance_and_weighted_user_times;w_wt:1.0;w_tt:1.0,sample_9,IR_7200_DWT1.0TT1.0_FB_8,8,1.0,1.0
120,7200,10000,RollingHorizon,BasicRequest,PoolingIRSOnly,ImmediateDecisionsSimulation,0,greater_hellevoetsluis/flag/1.75/sample_0/IR_7200_DWT1.0TT1.0_FB_7/,greater_hellevoetsluis/flag/1.75/sample_0.csv,greater_hellevoetsluis,wave,1.75,flex_bus:7,func_key:distance_and_weighted_user_times;w_wt:1.0;w_tt:1.0,sample_0,IR_7200_DWT1.0TT1.0_FB_7,8,1.0,1.0
121,7200,10000,RollingHorizon,BasicRequest,PoolingIRSOnly,ImmediateDecisionsSimulation,0,greater_hellevoetsluis/flag/1.75/sample_1/IR_7200_DWT1.0TT1.0_FB_7/,greater_hellevoetsluis/flag/1.75/sample_1.csv,greater_hellevoetsluis,wave,1.75,flex_bus:7,func_key:distance_and_weighted_user_times;w_wt:1.0;w_tt:1.0,sample_1,IR_7200_DWT1.0TT1.0_FB_7,8,1.0,1.0
122,7200,10000,RollingHorizon,BasicRequest,PoolingIRSOnly,ImmediateDecisionsSimulation,0,greater_hellevoetsluis/flag/1.75/sample_2/IR_7200_DWT1.0TT1.0_FB_7/,greater_hellevoetsluis/flag/1.75/sample_2.csv,greater_hellevoetsluis,wave,1.75,flex_bus:7,func_key:distance_and_weighted_user_times;w_wt:1.0;w_tt:1.0,sample_2,IR_7200_DWT1.0TT1.0_FB_7,8,1.0,1.0
123,7200,10000,RollingHorizon,BasicRequest,PoolingIRSOnly,ImmediateDecisionsSimulation,0,greater_hellevoetsluis/flag/1.75/sample_3/IR_7200_DWT1.0TT1.0_FB_7/,greater_hellevoetsluis/flag/1.75/sample_3.csv,greater_hellevoetsluis,wave,1.75,flex_bus:7,func_key:distance_and_weighted_user_times;w_wt:1.0;w_tt:1.0,sample_3,IR_7200_DWT1.0TT1.0_FB_7,8,1.0,1.0
124,7200,10000,RollingHorizon,BasicRequest,PoolingIRSOnly,ImmediateDecisionsSimulation,0,greater_hellevoetsluis/flag/1.75/sample_4/IR_7200_DWT1.0TT1.0_FB_7/,greater_hellevoetsluis/flag/1.75/sample_4.csv,greater_hellevoetsluis,wave,1.75,flex_bus:7,func_key:distance_and_weighted_user_times;w_wt:1.0;w_tt:1.0,sample_4,IR_7200_DWT1.0TT1.0_FB_7,8,1.0,1.0
125,7200,10000,RollingHorizon,BasicRequest,PoolingIRSOnly,ImmediateDecisionsSimulation,0,greater_hellevoetsluis/flag/1.75/sample_5/IR_7200_DWT1.0TT1.0_FB_7/,greater_hellevoetsluis/flag/1.75/sample_5.csv,greater_hellevoetsluis,wave,1.75,flex_bus:7,func_key:distance_and_weighted_user_times;w_wt:1.0;w_tt:1.0,sample_5,IR_7200_DWT1.0TT1.0_FB_7,8,1.0,1.0
126,7200,10000,RollingHorizon,BasicRequest,PoolingIRSOnly,ImmediateDecisionsSimulation,0,greater_hellevoetsluis/flag/1.75/sample_6/IR_7200_DWT1.0TT1.0_FB_7/,greater_hellevoetsluis/flag/1.75/sample_6.csv,greater_hellevoetsluis,wave,1.75,flex_bus:7,func_key:distance_and_weighted_user_times;w_wt:1.0;w_tt:1.0,sample_6,IR_7200_DWT1.0TT1.0_FB_7,8,1.0,1.0
127,7200,10000,RollingHorizon,BasicRequest,PoolingIRSOnly,ImmediateDecisionsSimulation,0,greater_hellevoetsluis/flag/1.75/sample_7/IR_7200_DWT1.0TT1.0_FB_7/,greater_hellevoetsluis/flag/1.75/sample_7.csv,greater_hellevoetsluis,wave,1.75,flex_bus:7,func_key:distance_and_weighted_user_times;w_wt:1.0;w_tt:1.0,sample_7,IR_7200_DWT1.0TT1.0_FB_7,8,1.0,1.0
128,7200,10000,RollingHorizon,BasicRequest,PoolingIRSOnly,ImmediateDecisionsSimulation,0,greater_hellevoetsluis/flag/1.75/sample_8/IR_7200_DWT1.0TT1.0_FB_7/,greater_hellevoetsluis/flag/1.75/sample_8.csv,greater_hellevoetsluis,wave,1.75,flex_bus:7,func_key:distance_and_weighted_user_times;w_wt:1.0;w_tt:1.0,sample_8,IR_7200_DWT1.0TT1.0_FB_7,8,1.0,1.0
129,7200,10000,RollingHorizon,BasicRequest,PoolingIRSOnly,ImmediateDecisionsSimulation,0,greater_hellevoetsluis/flag/1.75/sample_9/IR_7200_DWT1.0TT1.0_FB_7/,greater_hellevoetsluis/flag/1.75/sample_9.csv,greater_hellevoetsluis,wave,1.75,flex_bus:7,func_key:distance_and_weighted_user_times;w_wt:1.0;w_tt:1.0,sample_9,IR_7200_DWT1.0TT1.0_FB_7,8,1.0,1.0
130,7200,10000,RollingHorizon,BasicRequest,PoolingIRSOnly,ImmediateDecisionsSimulation,0,greater_hellevoetsluis/flag/1.75/sample_0/IR_7200_DWT1.0TT1.0_FB_8/,greater_hellevoetsluis/flag/1.75/sample_0.csv,greater_hellevoetsluis,wave,1.75,flex_bus:8,func_key:distance_and_weighted_user_times;w_wt:1.0;w_tt:1.0,sample_0,IR_7200_DWT1.0TT1.0_FB_8,8,1.0,1.0
131,7200,10000,RollingHorizon,BasicRequest,PoolingIRSOnly,ImmediateDecisionsSimulation,0,greater_hellevoetsluis/flag/1.75/sample_1/IR_7200_DWT1.0TT1.0_FB_8/,greater_hellevoetsluis/flag/1.75/sample_1.csv,greater_hellevoetsluis,wave,1.75,flex_bus:8,func_key:distance_and_weighted_user_times;w_wt:1.0;w_tt:1.0,sample_1,IR_7200_DWT1.0TT1.0_FB_8,8,1.0,1.0
132,7200,10000,RollingHorizon,BasicRequest,PoolingIRSOnly,ImmediateDecisionsSimulation,0,greater_hellevoetsluis/flag/1.75/sample_2/IR_7200_DWT1.0TT1.0_FB_8/,greater_hellevoetsluis/flag/1.75/sample_2.csv,greater_hellevoetsluis,wave,1.75,flex_bus:8,func_key:distance_and_weighted_user_times;w_wt:1.0;w_tt:1.0,sample_2,IR_7200_DWT1.0TT1.0_FB_8,8,1.0,1.0
133,7200,10000,RollingHorizon,BasicRequest,PoolingIRSOnly,ImmediateDecisionsSimulation,0,greater_hellevoetsluis/flag/1.75/sample_3/IR_7200_DWT1.0TT1.0_FB_8/,greater_hellevoetsluis/flag/1.75/sample_3.csv,greater_hellevoetsluis,wave,1.75,flex_bus:8,func_key:distance_and_weighted_user_times;w_wt:1.0;w_tt:1.0,sample_3,IR_7200_DWT1.0TT1.0_FB_8,8,1.0,1.0
134,7200,10000,RollingHorizon,BasicRequest,PoolingIRSOnly,ImmediateDecisionsSimulation,0,greater_hellevoetsluis/flag/1.75/sample_4/IR_7200_DWT1.0TT1.0_FB_8/,greater_hellevoetsluis/flag/1.75/sample_4.csv,greater_hellevoetsluis,wave,1.75,flex_bus:8,func_key:distance_and_weighted_user_times;w_wt:1.0;w_tt:1.0,sample_4,IR_7200_DWT1.0TT1.0_FB_8,8,1.0,1.0
135,7200,10000,RollingHorizon,BasicRequest,PoolingIRSOnly,ImmediateDecisionsSimulation,0,greater_hellevoetsluis/flag/1.75/sample_5/IR_7200_DWT1.0TT1.0_FB_8/,greater_hellevoetsluis/flag/1.75/sample_5.csv,greater_hellevoetsluis,wave,1.75,flex_bus:8,func_key:distance_and_weighted_user_times;w_wt:1.0;w_tt:1.0,sample_5,IR_7200_DWT1.0TT1.0_FB_8,8,1.0,1.0
136,7200,10000,RollingHorizon,BasicRequest,PoolingIRSOnly,ImmediateDecisionsSimulation,0,greater_hellevoetsluis/flag/1.75/sample_6/IR_7200_DWT1.0TT1.0_FB_8/,greater_hellevoetsluis/flag/1.75/sample_6.csv,greater_hellevoetsluis,wave,1.75,flex_bus:8,func_key:distance_and_weighted_user_times;w_wt:1.0;w_tt:1.0,sample_6,IR_7200_DWT1.0TT1.0_FB_8,8,1.0,1.0
137,7200,10000,RollingHorizon,BasicRequest,PoolingIRSOnly,ImmediateDecisionsSimulation,0,greater_hellevoetsluis/flag/1.75/sample_7/IR_7200_DWT1.0TT1.0_FB_8/,greater_hellevoetsluis/flag/1.75/sample_7.csv,greater_hellevoetsluis,wave,1.75,flex_bus:8,func_key:distance_and_weighted_user_times;w_wt:1.0;w_tt:1.0,sample_7,IR_7200_DWT1.0TT1.0_FB_8,8,1.0,1.0
138,7200,10000,RollingHorizon,BasicRequest,PoolingIRSOnly,ImmediateDecisionsSimulation,0,greater_hellevoetsluis/flag/1.75/sample_8/IR_7200_DWT1.0TT1.0_FB_8/,greater_hellevoetsluis/flag/1.75/sample_8.csv,greater_hellevoetsluis,wave,1.75,flex_bus:8,func_key:distance_and_weighted_user_times;w_wt:1.0;w_tt:1.0,sample_8,IR_7200_DWT1.0TT1.0_FB_8,8,1.0,1.0
139,7200,10000,RollingHorizon,BasicRequest,PoolingIRSOnly,ImmediateDecisionsSimulation,0,greater_hellevoetsluis/flag/1.75/sample_9/IR_7200_DWT1.0TT1.0_FB_8/,greater_hellevoetsluis/flag/1.75/sample_9.csv,greater_hellevoetsluis,wave,1.75,flex_bus:8,func_key:distance_and_weighted_user_times;w_wt:1.0;w_tt:1.0,sample_9,IR_7200_DWT1.0TT1.0_FB_8,8,1.0,1.0
140,7200,10000,RollingHorizon,BasicRequest,PoolingIRSOnly,ImmediateDecisionsSimulation,0,greater_hellevoetsluis/flag/2.0/sample_0/IR_7200_DWT1.0TT1.0_FB_7/,greater_hellevoetsluis/flag/2.0/sample_0.csv,greater_hellevoetsluis,wave,2.0,flex_bus:7,func_key:distance_and_weighted_user_times;w_wt:1.0;w_tt:1.0,sample_0,IR_7200_DWT1.0TT1.0_FB_7,8,1.0,1.0
141,7200,10000,RollingHorizon,BasicRequest,PoolingIRSOnly,ImmediateDecisionsSimulation,0,greater_hellevoetsluis/flag/2.0/sample_1/IR_7200_DWT1.0TT1.0_FB_7/,greater_hellevoetsluis/flag/2.0/sample_1.csv,greater_hellevoetsluis,wave,2.0,flex_bus:7,func_key:distance_and_weighted_user_times;w_wt:1.0;w_tt:1.0,sample_1,IR_7200_DWT1.0TT1.0_FB_7,8,1.0,1.0
142,7200,10000,RollingHorizon,BasicRequest,PoolingIRSOnly,ImmediateDecisionsSimulation,0,greater_hellevoetsluis/flag/2.0/sample_2/IR_7200_DWT1.0TT1.0_FB_7/,greater_hellevoetsluis/flag/2.0/sample_2.csv,greater_hellevoetsluis,wave,2.0,flex_bus:7,func_key:distance_and_weighted_user_times;w_wt:1.0;w_tt:1.0,sample_2,IR_7200_DWT1.0TT1.0_FB_7,8,1.0,1.0
143,7200,10000,RollingHorizon,BasicRequest,PoolingIRSOnly,ImmediateDecisionsSimulation,0,greater_hellevoetsluis/flag/2.0/sample_3/IR_7200_DWT1.0TT1.0_FB_7/,greater_hellevoetsluis/flag/2.0/sample_3.csv,greater_hellevoetsluis,wave,2.0,flex_bus:7,func_key:distance_and_weighted_user_times;w_wt:1.0;w_tt:1.0,sample_3,IR_7200_DWT1.0TT1.0_FB_7,8,1.0,1.0
144,7200,10000,RollingHorizon,BasicRequest,PoolingIRSOnly,ImmediateDecisionsSimulation,0,greater_hellevoetsluis/flag/2.0/sample_4/IR_7200_DWT1.0TT1.0_FB_7/,greater_hellevoetsluis/flag/2.0/sample_4.csv,greater_hellevoetsluis,wave,2.0,flex_bus:7,func_key:distance_and_weighted_user_times;w_wt:1.0;w_tt:1.0,sample_4,IR_7200_DWT1.0TT1.0_FB_7,8,1.0,1.0
145,7200,10000,RollingHorizon,BasicRequest,PoolingIRSOnly,ImmediateDecisionsSimulation,0,greater_hellevoetsluis/flag/2.0/sample_5/IR_7200_DWT1.0TT1.0_FB_7/,greater_hellevoetsluis/flag/2.0/sample_5.csv,greater_hellevoetsluis,wave,2.0,flex_bus:7,func_key:distance_and_weighted_user_times;w_wt:1.0;w_tt:1.0,sample_5,IR_7200_DWT1.0TT1.0_FB_7,8,1.0,1.0
146,7200,10000,RollingHorizon,BasicRequest,PoolingIRSOnly,ImmediateDecisionsSimulation,0,greater_hellevoetsluis/flag/2.0/sample_6/IR_7200_DWT1.0TT1.0_FB_7/,greater_hellevoetsluis/flag/2.0/sample_6.csv,greater_hellevoetsluis,wave,2.0,flex_bus:7,func_key:distance_and_weighted_user_times;w_wt:1.0;w_tt:1.0,sample_6,IR_7200_DWT1.0TT1.0_FB_7,8,1.0,1.0
147,7200,10000,RollingHorizon,BasicRequest,PoolingIRSOnly,ImmediateDecisionsSimulation,0,greater_hellevoetsluis/flag/2.0/sample_7/IR_7200_DWT1.0TT1.0_FB_7/,greater_hellevoetsluis/flag/2.0/sample_7.csv,greater_hellevoetsluis,wave,2.0,flex_bus:7,func_key:distance_and_weighted_user_times;w_wt:1.0;w_tt:1.0,sample_7,IR_7200_DWT1.0TT1.0_FB_7,8,1.0,1.0
148,7200,10000,RollingHorizon,BasicRequest,PoolingIRSOnly,ImmediateDecisionsSimulation,0,greater_hellevoetsluis/flag/2.0/sample_8/IR_7200_DWT1.0TT1.0_FB_7/,greater_hellevoetsluis/flag/2.0/sample_8.csv,greater_hellevoetsluis,wave,2.0,flex_bus:7,func_key:distance_and_weighted_user_times;w_wt:1.0;w_tt:1.0,sample_8,IR_7200_DWT1.0TT1.0_FB_7,8,1.0,1.0
149,7200,10000,RollingHorizon,BasicRequest,PoolingIRSOnly,ImmediateDecisionsSimulation,0,greater_hellevoetsluis/flag/2.0/sample_9/IR_7200_DWT1.0TT1.0_FB_7/,greater_hellevoetsluis/flag/2.0/sample_9.csv,greater_hellevoetsluis,wave,2.0,flex_bus:7,func_key:distance_and_weighted_user_times;w_wt:1.0;w_tt:1.0,sample_9,IR_7200_DWT1.0TT1.0_FB_7,8,1.0,1.0
150,7200,10000,RollingHorizon,BasicRequest,PoolingIRSOnly,ImmediateDecisionsSimulation,0,greater_hellevoetsluis/flag/2.0/sample_0/IR_7200_DWT1.0TT1.0_FB_8/,greater_hellevoetsluis/flag/2.0/sample_0.csv,greater_hellevoetsluis,wave,2.0,flex_bus:8,func_key:distance_and_weighted_user_times;w_wt:1.0;w_tt:1.0,sample_0,IR_7200_DWT1.0TT1.0_FB_8,8,1.0,1.0
151,7200,10000,RollingHorizon,BasicRequest,PoolingIRSOnly,ImmediateDecisionsSimulation,0,greater_hellevoetsluis/flag/2.0/sample_1/IR_7200_DWT1.0TT1.0_FB_8/,greater_hellevoetsluis/flag/2.0/sample_1.csv,greater_hellevoetsluis,wave,2.0,flex_bus:8,func_key:distance_and_weighted_user_times;w_wt:1.0;w_tt:1.0,sample_1,IR_7200_DWT1.0TT1.0_FB_8,8,1.0,1.0
152,7200,10000,RollingHorizon,BasicRequest,PoolingIRSOnly,ImmediateDecisionsSimulation,0,greater_hellevoetsluis/flag/2.0/sample_2/IR_7200_DWT1.0TT1.0_FB_8/,greater_hellevoetsluis/flag/2.0/sample_2.csv,greater_hellevoetsluis,wave,2.0,flex_bus:8,func_key:distance_and_weighted_user_times;w_wt:1.0;w_tt:1.0,sample_2,IR_7200_DWT1.0TT1.0_FB_8,8,1.0,1.0
153,7200,10000,RollingHorizon,BasicRequest,PoolingIRSOnly,ImmediateDecisionsSimulation,0,greater_hellevoetsluis/flag/2.0/sample_3/IR_7200_DWT1.0TT1.0_FB_8/,greater_hellevoetsluis/flag/2.0/sample_3.csv,greater_hellevoetsluis,wave,2.0,flex_bus:8,func_key:distance_and_weighted_user_times;w_wt:1.0;w_tt:1.0,sample_3,IR_7200_DWT1.0TT1.0_FB_8,8,1.0,1.0
154,7200,10000,RollingHorizon,BasicRequest,PoolingIRSOnly,ImmediateDecisionsSimulation,0,greater_hellevoetsluis/flag/2.0/sample_4/IR_7200_DWT1.0TT1.0_FB_8/,greater_hellevoetsluis/flag/2.0/sample_4.csv,greater_hellevoetsluis,wave,2.0,flex_bus:8,func_key:distance_and_weighted_user_times;w_wt:1.0;w_tt:1.0,sample_4,IR_7200_DWT1.0TT1.0_FB_8,8,1.0,1.0
155,7200,10000,RollingHorizon,BasicRequest,PoolingIRSOnly,ImmediateDecisionsSimulation,0,greater_hellevoetsluis/flag/2.0/sample_5/IR_7200_DWT1.0TT1.0_FB_8/,greater_hellevoetsluis/flag/2.0/sample_5.csv,greater_hellevoetsluis,wave,2.0,flex_bus:8,func_key:distance_and_weighted_user_times;w_wt:1.0;w_tt:1.0,sample_5,IR_7200_DWT1.0TT1.0_FB_8,8,1.0,1.0
156,7200,10000,RollingHorizon,BasicRequest,PoolingIRSOnly,ImmediateDecisionsSimulation,0,greater_hellevoetsluis/flag/2.0/sample_6/IR_7200_DWT1.0TT1.0_FB_8/,greater_hellevoetsluis/flag/2.0/sample_6.csv,greater_hellevoetsluis,wave,2.0,flex_bus:8,func_key:distance_and_weighted_user_times;w_wt:1.0;w_tt:1.0,sample_6,IR_7200_DWT1.0TT1.0_FB_8,8,1.0,1.0
157,7200,10000,RollingHorizon,BasicRequest,PoolingIRSOnly,ImmediateDecisionsSimulation,0,greater_hellevoetsluis/flag/2.0/sample_7/IR_7200_DWT1.0TT1.0_FB_8/,greater_hellevoetsluis/flag/2.0/sample_7.csv,greater_hellevoetsluis,wave,2.0,flex_bus:8,func_key:distance_and_weighted_user_times;w_wt:1.0;w_tt:1.0,sample_7,IR_7200_DWT1.0TT1.0_FB_8,8,1.0,1.0
158,7200,10000,RollingHorizon,BasicRequest,PoolingIRSOnly,ImmediateDecisionsSimulation,0,greater_hellevoetsluis/flag/2.0/sample_8/IR_7200_DWT1.0TT1.0_FB_8/,greater_hellevoetsluis/flag/2.0/sample_8.csv,greater_hellevoetsluis,wave,2.0,flex_bus:8,func_key:distance_and_weighted_user_times;w_wt:1.0;w_tt:1.0,sample_8,IR_7200_DWT1.0TT1.0_FB_8,8,1.0,1.0
159,7200,10000,RollingHorizon,BasicRequest,PoolingIRSOnly,ImmediateDecisionsSimulation,0,greater_hellevoetsluis/flag/2.0/sample_9/IR_7200_DWT1.0TT1.0_FB_8/,greater_hellevoetsluis/flag/2.0/sample_9.csv,greater_hellevoetsluis,wave,2.0,flex_bus:8,func_key:distance_and_weighted_user_times;w_wt:1.0;w_tt:1.0,sample_9,IR_7200_DWT1.0TT1.0_FB_8,8,1.0,1.0
