,op_max_wait_time,op_max_detour_time_factor,op_reservation_module,rq_type,avg_fs,op_module,sim_env,user_max_decision_time,scenario_name,rq_file,demand_folder,demand_type,demand_scalar,op_fleet_composition,op_vr_control_func_dict,sample,config_str,capacity,w_wt,w_tt,op_depot_file,op_dyn_fs_method,op_act_fs_file
0,1800,10000,RollingHorizon,BasicRequest,1.0,PoolingIRSOnly,ImmediateDecisionsSimulation,0,line91_week/flag/0.25/sample_0/IR_1800_DWT1.0TT1.0_FB_1/,line91_week/flag/0.25/sample_0.csv,line91_week,wave,0.25,flex_bus:1,func_key:distance_and_weighted_user_times;w_wt:1.0;w_tt:1.0,sample_0,IR_1800_DWT1.0TT1.0_FB_1,8,1.0,1.0,,,
1,1800,10000,RollingHorizon,BasicRequest,1.0,PoolingIRSOnly,ImmediateDecisionsSimulation,0,line91_week/flag/0.25/sample_1/IR_1800_DWT1.0TT1.0_FB_1/,line91_week/flag/0.25/sample_1.csv,line91_week,wave,0.25,flex_bus:1,func_key:distance_and_weighted_user_times;w_wt:1.0;w_tt:1.0,sample_1,IR_1800_DWT1.0TT1.0_FB_1,8,1.0,1.0,,,
2,1800,10000,RollingHorizon,BasicRequest,1.0,PoolingIRSOnly,ImmediateDecisionsSimulation,0,line91_week/flag/0.25/sample_2/IR_1800_DWT1.0TT1.0_FB_1/,line91_week/flag/0.25/sample_2.csv,line91_week,wave,0.25,flex_bus:1,func_key:distance_and_weighted_user_times;w_wt:1.0;w_tt:1.0,sample_2,IR_1800_DWT1.0TT1.0_FB_1,8,1.0,1.0,,,
3,1800,10000,RollingHorizon,BasicRequest,1.0,PoolingIRSOnly,ImmediateDecisionsSimulation,0,line91_week/flag/0.25/sample_3/IR_1800_DWT1.0TT1.0_FB_1/,line91_week/flag/0.25/sample_3.csv,line91_week,wave,0.25,flex_bus:1,func_key:distance_and_weighted_user_times;w_wt:1.0;w_tt:1.0,sample_3,IR_1800_DWT1.0TT1.0_FB_1,8,1.0,1.0,,,
4,1800,10000,RollingHorizon,BasicRequest,1.0,PoolingIRSOnly,ImmediateDecisionsSimulation,0,line91_week/flag/0.25/sample_4/IR_1800_DWT1.0TT1.0_FB_1/,line91_week/flag/0.25/sample_4.csv,line91_week,wave,0.25,flex_bus:1,func_key:distance_and_weighted_user_times;w_wt:1.0;w_tt:1.0,sample_4,IR_1800_DWT1.0TT1.0_FB_1,8,1.0,1.0,,,
5,1800,10000,RollingHorizon,BasicRequest,1.0,PoolingIRSOnly,ImmediateDecisionsSimulation,0,line91_week/flag/0.25/sample_5/IR_1800_DWT1.0TT1.0_FB_1/,line91_week/flag/0.25/sample_5.csv,line91_week,wave,0.25,flex_bus:1,func_key:distance_and_weighted_user_times;w_wt:1.0;w_tt:1.0,sample_5,IR_1800_DWT1.0TT1.0_FB_1,8,1.0,1.0,,,
6,1800,10000,RollingHorizon,BasicRequest,1.0,PoolingIRSOnly,ImmediateDecisionsSimulation,0,line91_week/flag/0.25/sample_6/IR_1800_DWT1.0TT1.0_FB_1/,line91_week/flag/0.25/sample_6.csv,line91_week,wave,0.25,flex_bus:1,func_key:distance_and_weighted_user_times;w_wt:1.0;w_tt:1.0,sample_6,IR_1800_DWT1.0TT1.0_FB_1,8,1.0,1.0,,,
7,1800,10000,RollingHorizon,BasicRequest,1.0,PoolingIRSOnly,ImmediateDecisionsSimulation,0,line91_week/flag/0.25/sample_7/IR_1800_DWT1.0TT1.0_FB_1/,line91_week/flag/0.25/sample_7.csv,line91_week,wave,0.25,flex_bus:1,func_key:distance_and_weighted_user_times;w_wt:1.0;w_tt:1.0,sample_7,IR_1800_DWT1.0TT1.0_FB_1,8,1.0,1.0,,,
8,1800,10000,RollingHorizon,BasicRequest,1.0,PoolingIRSOnly,ImmediateDecisionsSimulation,0,line91_week/flag/0.25/sample_8/IR_1800_DWT1.0TT1.0_FB_1/,line91_week/flag/0.25/sample_8.csv,line91_week,wave,0.25,flex_bus:1,func_key:distance_and_weighted_user_times;w_wt:1.0;w_tt:1.0,sample_8,IR_1800_DWT1.0TT1.0_FB_1,8,1.0,1.0,,,
9,1800,10000,RollingHorizon,BasicRequest,1.0,PoolingIRSOnly,ImmediateDecisionsSimulation,0,line91_week/flag/0.25/sample_9/IR_1800_DWT1.0TT1.0_FB_1/,line91_week/flag/0.25/sample_9.csv,line91_week,wave,0.25,flex_bus:1,func_key:distance_and_weighted_user_times;w_wt:1.0;w_tt:1.0,sample_9,IR_1800_DWT1.0TT1.0_FB_1,8,1.0,1.0,,,
10,1800,10000,RollingHorizon,BasicRequest,1.555,PoolingIRSOnly,ImmediateDecisionsSimulation,0,line91_week/flag/0.25/sample_0/IR_1800_DWT1.0TT1.0_FB_2/,line91_week/flag/0.25/sample_0.csv,line91_week,wave,0.25,flex_bus:2,func_key:distance_and_weighted_user_times;w_wt:1.0;w_tt:1.0,sample_0,IR_1800_DWT1.0TT1.0_FB_2,8,1.0,1.0,depots.csv,TimeBasedFS,line91.csv
11,1800,10000,RollingHorizon,BasicRequest,1.555,PoolingIRSOnly,ImmediateDecisionsSimulation,0,line91_week/flag/0.25/sample_1/IR_1800_DWT1.0TT1.0_FB_2/,line91_week/flag/0.25/sample_1.csv,line91_week,wave,0.25,flex_bus:2,func_key:distance_and_weighted_user_times;w_wt:1.0;w_tt:1.0,sample_1,IR_1800_DWT1.0TT1.0_FB_2,8,1.0,1.0,depots.csv,TimeBasedFS,line91.csv
12,1800,10000,RollingHorizon,BasicRequest,1.555,PoolingIRSOnly,ImmediateDecisionsSimulation,0,line91_week/flag/0.25/sample_2/IR_1800_DWT1.0TT1.0_FB_2/,line91_week/flag/0.25/sample_2.csv,line91_week,wave,0.25,flex_bus:2,func_key:distance_and_weighted_user_times;w_wt:1.0;w_tt:1.0,sample_2,IR_1800_DWT1.0TT1.0_FB_2,8,1.0,1.0,depots.csv,TimeBasedFS,line91.csv
13,1800,10000,RollingHorizon,BasicRequest,1.555,PoolingIRSOnly,ImmediateDecisionsSimulation,0,line91_week/flag/0.25/sample_3/IR_1800_DWT1.0TT1.0_FB_2/,line91_week/flag/0.25/sample_3.csv,line91_week,wave,0.25,flex_bus:2,func_key:distance_and_weighted_user_times;w_wt:1.0;w_tt:1.0,sample_3,IR_1800_DWT1.0TT1.0_FB_2,8,1.0,1.0,depots.csv,TimeBasedFS,line91.csv
14,1800,10000,RollingHorizon,BasicRequest,1.555,PoolingIRSOnly,ImmediateDecisionsSimulation,0,line91_week/flag/0.25/sample_4/IR_1800_DWT1.0TT1.0_FB_2/,line91_week/flag/0.25/sample_4.csv,line91_week,wave,0.25,flex_bus:2,func_key:distance_and_weighted_user_times;w_wt:1.0;w_tt:1.0,sample_4,IR_1800_DWT1.0TT1.0_FB_2,8,1.0,1.0,depots.csv,TimeBasedFS,line91.csv
15,1800,10000,RollingHorizon,BasicRequest,1.555,PoolingIRSOnly,ImmediateDecisionsSimulation,0,line91_week/flag/0.25/sample_5/IR_1800_DWT1.0TT1.0_FB_2/,line91_week/flag/0.25/sample_5.csv,line91_week,wave,0.25,flex_bus:2,func_key:distance_and_weighted_user_times;w_wt:1.0;w_tt:1.0,sample_5,IR_1800_DWT1.0TT1.0_FB_2,8,1.0,1.0,depots.csv,TimeBasedFS,line91.csv
16,1800,10000,RollingHorizon,BasicRequest,1.555,PoolingIRSOnly,ImmediateDecisionsSimulation,0,line91_week/flag/0.25/sample_6/IR_1800_DWT1.0TT1.0_FB_2/,line91_week/flag/0.25/sample_6.csv,line91_week,wave,0.25,flex_bus:2,func_key:distance_and_weighted_user_times;w_wt:1.0;w_tt:1.0,sample_6,IR_1800_DWT1.0TT1.0_FB_2,8,1.0,1.0,depots.csv,TimeBasedFS,line91.csv
17,1800,10000,RollingHorizon,BasicRequest,1.555,PoolingIRSOnly,ImmediateDecisionsSimulation,0,line91_week/flag/0.25/sample_7/IR_1800_DWT1.0TT1.0_FB_2/,line91_week/flag/0.25/sample_7.csv,line91_week,wave,0.25,flex_bus:2,func_key:distance_and_weighted_user_times;w_wt:1.0;w_tt:1.0,sample_7,IR_1800_DWT1.0TT1.0_FB_2,8,1.0,1.0,depots.csv,TimeBasedFS,line91.csv
18,1800,10000,RollingHorizon,BasicRequest,1.555,PoolingIRSOnly,ImmediateDecisionsSimulation,0,line91_week/flag/0.25/sample_8/IR_1800_DWT1.0TT1.0_FB_2/,line91_week/flag/0.25/sample_8.csv,line91_week,wave,0.25,flex_bus:2,func_key:distance_and_weighted_user_times;w_wt:1.0;w_tt:1.0,sample_8,IR_1800_DWT1.0TT1.0_FB_2,8,1.0,1.0,depots.csv,TimeBasedFS,line91.csv
19,1800,10000,RollingHorizon,BasicRequest,1.555,PoolingIRSOnly,ImmediateDecisionsSimulation,0,line91_week/flag/0.25/sample_9/IR_1800_DWT1.0TT1.0_FB_2/,line91_week/flag/0.25/sample_9.csv,line91_week,wave,0.25,flex_bus:2,func_key:distance_and_weighted_user_times;w_wt:1.0;w_tt:1.0,sample_9,IR_1800_DWT1.0TT1.0_FB_2,8,1.0,1.0,depots.csv,TimeBasedFS,line91.csv
20,1800,10000,RollingHorizon,BasicRequest,1.0,PoolingIRSOnly,ImmediateDecisionsSimulation,0,line91_week/flag/0.5/sample_0/IR_1800_DWT1.0TT1.0_FB_1/,line91_week/flag/0.5/sample_0.csv,line91_week,wave,0.5,flex_bus:1,func_key:distance_and_weighted_user_times;w_wt:1.0;w_tt:1.0,sample_0,IR_1800_DWT1.0TT1.0_FB_1,8,1.0,1.0,,,
21,1800,10000,RollingHorizon,BasicRequest,1.0,PoolingIRSOnly,ImmediateDecisionsSimulation,0,line91_week/flag/0.5/sample_1/IR_1800_DWT1.0TT1.0_FB_1/,line91_week/flag/0.5/sample_1.csv,line91_week,wave,0.5,flex_bus:1,func_key:distance_and_weighted_user_times;w_wt:1.0;w_tt:1.0,sample_1,IR_1800_DWT1.0TT1.0_FB_1,8,1.0,1.0,,,
22,1800,10000,RollingHorizon,BasicRequest,1.0,PoolingIRSOnly,ImmediateDecisionsSimulation,0,line91_week/flag/0.5/sample_2/IR_1800_DWT1.0TT1.0_FB_1/,line91_week/flag/0.5/sample_2.csv,line91_week,wave,0.5,flex_bus:1,func_key:distance_and_weighted_user_times;w_wt:1.0;w_tt:1.0,sample_2,IR_1800_DWT1.0TT1.0_FB_1,8,1.0,1.0,,,
23,1800,10000,RollingHorizon,BasicRequest,1.0,PoolingIRSOnly,ImmediateDecisionsSimulation,0,line91_week/flag/0.5/sample_3/IR_1800_DWT1.0TT1.0_FB_1/,line91_week/flag/0.5/sample_3.csv,line91_week,wave,0.5,flex_bus:1,func_key:distance_and_weighted_user_times;w_wt:1.0;w_tt:1.0,sample_3,IR_1800_DWT1.0TT1.0_FB_1,8,1.0,1.0,,,
24,1800,10000,RollingHorizon,BasicRequest,1.0,PoolingIRSOnly,ImmediateDecisionsSimulation,0,line91_week/flag/0.5/sample_4/IR_1800_DWT1.0TT1.0_FB_1/,line91_week/flag/0.5/sample_4.csv,line91_week,wave,0.5,flex_bus:1,func_key:distance_and_weighted_user_times;w_wt:1.0;w_tt:1.0,sample_4,IR_1800_DWT1.0TT1.0_FB_1,8,1.0,1.0,,,
25,1800,10000,RollingHorizon,BasicRequest,1.0,PoolingIRSOnly,ImmediateDecisionsSimulation,0,line91_week/flag/0.5/sample_5/IR_1800_DWT1.0TT1.0_FB_1/,line91_week/flag/0.5/sample_5.csv,line91_week,wave,0.5,flex_bus:1,func_key:distance_and_weighted_user_times;w_wt:1.0;w_tt:1.0,sample_5,IR_1800_DWT1.0TT1.0_FB_1,8,1.0,1.0,,,
26,1800,10000,RollingHorizon,BasicRequest,1.0,PoolingIRSOnly,ImmediateDecisionsSimulation,0,line91_week/flag/0.5/sample_6/IR_1800_DWT1.0TT1.0_FB_1/,line91_week/flag/0.5/sample_6.csv,line91_week,wave,0.5,flex_bus:1,func_key:distance_and_weighted_user_times;w_wt:1.0;w_tt:1.0,sample_6,IR_1800_DWT1.0TT1.0_FB_1,8,1.0,1.0,,,
27,1800,10000,RollingHorizon,BasicRequest,1.0,PoolingIRSOnly,ImmediateDecisionsSimulation,0,line91_week/flag/0.5/sample_7/IR_1800_DWT1.0TT1.0_FB_1/,line91_week/flag/0.5/sample_7.csv,line91_week,wave,0.5,flex_bus:1,func_key:distance_and_weighted_user_times;w_wt:1.0;w_tt:1.0,sample_7,IR_1800_DWT1.0TT1.0_FB_1,8,1.0,1.0,,,
28,1800,10000,RollingHorizon,BasicRequest,1.0,PoolingIRSOnly,ImmediateDecisionsSimulation,0,line91_week/flag/0.5/sample_8/IR_1800_DWT1.0TT1.0_FB_1/,line91_week/flag/0.5/sample_8.csv,line91_week,wave,0.5,flex_bus:1,func_key:distance_and_weighted_user_times;w_wt:1.0;w_tt:1.0,sample_8,IR_1800_DWT1.0TT1.0_FB_1,8,1.0,1.0,,,
29,1800,10000,RollingHorizon,BasicRequest,1.0,PoolingIRSOnly,ImmediateDecisionsSimulation,0,line91_week/flag/0.5/sample_9/IR_1800_DWT1.0TT1.0_FB_1/,line91_week/flag/0.5/sample_9.csv,line91_week,wave,0.5,flex_bus:1,func_key:distance_and_weighted_user_times;w_wt:1.0;w_tt:1.0,sample_9,IR_1800_DWT1.0TT1.0_FB_1,8,1.0,1.0,,,
30,1800,10000,RollingHorizon,BasicRequest,1.555,PoolingIRSOnly,ImmediateDecisionsSimulation,0,line91_week/flag/0.5/sample_0/IR_1800_DWT1.0TT1.0_FB_2/,line91_week/flag/0.5/sample_0.csv,line91_week,wave,0.5,flex_bus:2,func_key:distance_and_weighted_user_times;w_wt:1.0;w_tt:1.0,sample_0,IR_1800_DWT1.0TT1.0_FB_2,8,1.0,1.0,depots.csv,TimeBasedFS,line91.csv
31,1800,10000,RollingHorizon,BasicRequest,1.555,PoolingIRSOnly,ImmediateDecisionsSimulation,0,line91_week/flag/0.5/sample_1/IR_1800_DWT1.0TT1.0_FB_2/,line91_week/flag/0.5/sample_1.csv,line91_week,wave,0.5,flex_bus:2,func_key:distance_and_weighted_user_times;w_wt:1.0;w_tt:1.0,sample_1,IR_1800_DWT1.0TT1.0_FB_2,8,1.0,1.0,depots.csv,TimeBasedFS,line91.csv
32,1800,10000,RollingHorizon,BasicRequest,1.555,PoolingIRSOnly,ImmediateDecisionsSimulation,0,line91_week/flag/0.5/sample_2/IR_1800_DWT1.0TT1.0_FB_2/,line91_week/flag/0.5/sample_2.csv,line91_week,wave,0.5,flex_bus:2,func_key:distance_and_weighted_user_times;w_wt:1.0;w_tt:1.0,sample_2,IR_1800_DWT1.0TT1.0_FB_2,8,1.0,1.0,depots.csv,TimeBasedFS,line91.csv
33,1800,10000,RollingHorizon,BasicRequest,1.555,PoolingIRSOnly,ImmediateDecisionsSimulation,0,line91_week/flag/0.5/sample_3/IR_1800_DWT1.0TT1.0_FB_2/,line91_week/flag/0.5/sample_3.csv,line91_week,wave,0.5,flex_bus:2,func_key:distance_and_weighted_user_times;w_wt:1.0;w_tt:1.0,sample_3,IR_1800_DWT1.0TT1.0_FB_2,8,1.0,1.0,depots.csv,TimeBasedFS,line91.csv
34,1800,10000,RollingHorizon,BasicRequest,1.555,PoolingIRSOnly,ImmediateDecisionsSimulation,0,line91_week/flag/0.5/sample_4/IR_1800_DWT1.0TT1.0_FB_2/,line91_week/flag/0.5/sample_4.csv,line91_week,wave,0.5,flex_bus:2,func_key:distance_and_weighted_user_times;w_wt:1.0;w_tt:1.0,sample_4,IR_1800_DWT1.0TT1.0_FB_2,8,1.0,1.0,depots.csv,TimeBasedFS,line91.csv
35,1800,10000,RollingHorizon,BasicRequest,1.555,PoolingIRSOnly,ImmediateDecisionsSimulation,0,line91_week/flag/0.5/sample_5/IR_1800_DWT1.0TT1.0_FB_2/,line91_week/flag/0.5/sample_5.csv,line91_week,wave,0.5,flex_bus:2,func_key:distance_and_weighted_user_times;w_wt:1.0;w_tt:1.0,sample_5,IR_1800_DWT1.0TT1.0_FB_2,8,1.0,1.0,depots.csv,TimeBasedFS,line91.csv
36,1800,10000,RollingHorizon,BasicRequest,1.555,PoolingIRSOnly,ImmediateDecisionsSimulation,0,line91_week/flag/0.5/sample_6/IR_1800_DWT1.0TT1.0_FB_2/,line91_week/flag/0.5/sample_6.csv,line91_week,wave,0.5,flex_bus:2,func_key:distance_and_weighted_user_times;w_wt:1.0;w_tt:1.0,sample_6,IR_1800_DWT1.0TT1.0_FB_2,8,1.0,1.0,depots.csv,TimeBasedFS,line91.csv
37,1800,10000,RollingHorizon,BasicRequest,1.555,PoolingIRSOnly,ImmediateDecisionsSimulation,0,line91_week/flag/0.5/sample_7/IR_1800_DWT1.0TT1.0_FB_2/,line91_week/flag/0.5/sample_7.csv,line91_week,wave,0.5,flex_bus:2,func_key:distance_and_weighted_user_times;w_wt:1.0;w_tt:1.0,sample_7,IR_1800_DWT1.0TT1.0_FB_2,8,1.0,1.0,depots.csv,TimeBasedFS,line91.csv
38,1800,10000,RollingHorizon,BasicRequest,1.555,PoolingIRSOnly,ImmediateDecisionsSimulation,0,line91_week/flag/0.5/sample_8/IR_1800_DWT1.0TT1.0_FB_2/,line91_week/flag/0.5/sample_8.csv,line91_week,wave,0.5,flex_bus:2,func_key:distance_and_weighted_user_times;w_wt:1.0;w_tt:1.0,sample_8,IR_1800_DWT1.0TT1.0_FB_2,8,1.0,1.0,depots.csv,TimeBasedFS,line91.csv
39,1800,10000,RollingHorizon,BasicRequest,1.555,PoolingIRSOnly,ImmediateDecisionsSimulation,0,line91_week/flag/0.5/sample_9/IR_1800_DWT1.0TT1.0_FB_2/,line91_week/flag/0.5/sample_9.csv,line91_week,wave,0.5,flex_bus:2,func_key:distance_and_weighted_user_times;w_wt:1.0;w_tt:1.0,sample_9,IR_1800_DWT1.0TT1.0_FB_2,8,1.0,1.0,depots.csv,TimeBasedFS,line91.csv
40,1800,10000,RollingHorizon,BasicRequest,1.0,PoolingIRSOnly,ImmediateDecisionsSimulation,0,line91_week/flag/0.75/sample_0/IR_1800_DWT1.0TT1.0_FB_1/,line91_week/flag/0.75/sample_0.csv,line91_week,wave,0.75,flex_bus:1,func_key:distance_and_weighted_user_times;w_wt:1.0;w_tt:1.0,sample_0,IR_1800_DWT1.0TT1.0_FB_1,8,1.0,1.0,,,
41,1800,10000,RollingHorizon,BasicRequest,1.0,PoolingIRSOnly,ImmediateDecisionsSimulation,0,line91_week/flag/0.75/sample_1/IR_1800_DWT1.0TT1.0_FB_1/,line91_week/flag/0.75/sample_1.csv,line91_week,wave,0.75,flex_bus:1,func_key:distance_and_weighted_user_times;w_wt:1.0;w_tt:1.0,sample_1,IR_1800_DWT1.0TT1.0_FB_1,8,1.0,1.0,,,
42,1800,10000,RollingHorizon,BasicRequest,1.0,PoolingIRSOnly,ImmediateDecisionsSimulation,0,line91_week/flag/0.75/sample_2/IR_1800_DWT1.0TT1.0_FB_1/,line91_week/flag/0.75/sample_2.csv,line91_week,wave,0.75,flex_bus:1,func_key:distance_and_weighted_user_times;w_wt:1.0;w_tt:1.0,sample_2,IR_1800_DWT1.0TT1.0_FB_1,8,1.0,1.0,,,
43,1800,10000,RollingHorizon,BasicRequest,1.0,PoolingIRSOnly,ImmediateDecisionsSimulation,0,line91_week/flag/0.75/sample_3/IR_1800_DWT1.0TT1.0_FB_1/,line91_week/flag/0.75/sample_3.csv,line91_week,wave,0.75,flex_bus:1,func_key:distance_and_weighted_user_times;w_wt:1.0;w_tt:1.0,sample_3,IR_1800_DWT1.0TT1.0_FB_1,8,1.0,1.0,,,
44,1800,10000,RollingHorizon,BasicRequest,1.0,PoolingIRSOnly,ImmediateDecisionsSimulation,0,line91_week/flag/0.75/sample_4/IR_1800_DWT1.0TT1.0_FB_1/,line91_week/flag/0.75/sample_4.csv,line91_week,wave,0.75,flex_bus:1,func_key:distance_and_weighted_user_times;w_wt:1.0;w_tt:1.0,sample_4,IR_1800_DWT1.0TT1.0_FB_1,8,1.0,1.0,,,
45,1800,10000,RollingHorizon,BasicRequest,1.0,PoolingIRSOnly,ImmediateDecisionsSimulation,0,line91_week/flag/0.75/sample_5/IR_1800_DWT1.0TT1.0_FB_1/,line91_week/flag/0.75/sample_5.csv,line91_week,wave,0.75,flex_bus:1,func_key:distance_and_weighted_user_times;w_wt:1.0;w_tt:1.0,sample_5,IR_1800_DWT1.0TT1.0_FB_1,8,1.0,1.0,,,
46,1800,10000,RollingHorizon,BasicRequest,1.0,PoolingIRSOnly,ImmediateDecisionsSimulation,0,line91_week/flag/0.75/sample_6/IR_1800_DWT1.0TT1.0_FB_1/,line91_week/flag/0.75/sample_6.csv,line91_week,wave,0.75,flex_bus:1,func_key:distance_and_weighted_user_times;w_wt:1.0;w_tt:1.0,sample_6,IR_1800_DWT1.0TT1.0_FB_1,8,1.0,1.0,,,
47,1800,10000,RollingHorizon,BasicRequest,1.0,PoolingIRSOnly,ImmediateDecisionsSimulation,0,line91_week/flag/0.75/sample_7/IR_1800_DWT1.0TT1.0_FB_1/,line91_week/flag/0.75/sample_7.csv,line91_week,wave,0.75,flex_bus:1,func_key:distance_and_weighted_user_times;w_wt:1.0;w_tt:1.0,sample_7,IR_1800_DWT1.0TT1.0_FB_1,8,1.0,1.0,,,
48,1800,10000,RollingHorizon,BasicRequest,1.0,PoolingIRSOnly,ImmediateDecisionsSimulation,0,line91_week/flag/0.75/sample_8/IR_1800_DWT1.0TT1.0_FB_1/,line91_week/flag/0.75/sample_8.csv,line91_week,wave,0.75,flex_bus:1,func_key:distance_and_weighted_user_times;w_wt:1.0;w_tt:1.0,sample_8,IR_1800_DWT1.0TT1.0_FB_1,8,1.0,1.0,,,
49,1800,10000,RollingHorizon,BasicRequest,1.0,PoolingIRSOnly,ImmediateDecisionsSimulation,0,line91_week/flag/0.75/sample_9/IR_1800_DWT1.0TT1.0_FB_1/,line91_week/flag/0.75/sample_9.csv,line91_week,wave,0.75,flex_bus:1,func_key:distance_and_weighted_user_times;w_wt:1.0;w_tt:1.0,sample_9,IR_1800_DWT1.0TT1.0_FB_1,8,1.0,1.0,,,
50,1800,10000,RollingHorizon,BasicRequest,1.555,PoolingIRSOnly,ImmediateDecisionsSimulation,0,line91_week/flag/0.75/sample_0/IR_1800_DWT1.0TT1.0_FB_2/,line91_week/flag/0.75/sample_0.csv,line91_week,wave,0.75,flex_bus:2,func_key:distance_and_weighted_user_times;w_wt:1.0;w_tt:1.0,sample_0,IR_1800_DWT1.0TT1.0_FB_2,8,1.0,1.0,depots.csv,TimeBasedFS,line91.csv
51,1800,10000,RollingHorizon,BasicRequest,1.555,PoolingIRSOnly,ImmediateDecisionsSimulation,0,line91_week/flag/0.75/sample_1/IR_1800_DWT1.0TT1.0_FB_2/,line91_week/flag/0.75/sample_1.csv,line91_week,wave,0.75,flex_bus:2,func_key:distance_and_weighted_user_times;w_wt:1.0;w_tt:1.0,sample_1,IR_1800_DWT1.0TT1.0_FB_2,8,1.0,1.0,depots.csv,TimeBasedFS,line91.csv
52,1800,10000,RollingHorizon,BasicRequest,1.555,PoolingIRSOnly,ImmediateDecisionsSimulation,0,line91_week/flag/0.75/sample_2/IR_1800_DWT1.0TT1.0_FB_2/,line91_week/flag/0.75/sample_2.csv,line91_week,wave,0.75,flex_bus:2,func_key:distance_and_weighted_user_times;w_wt:1.0;w_tt:1.0,sample_2,IR_1800_DWT1.0TT1.0_FB_2,8,1.0,1.0,depots.csv,TimeBasedFS,line91.csv
53,1800,10000,RollingHorizon,BasicRequest,1.555,PoolingIRSOnly,ImmediateDecisionsSimulation,0,line91_week/flag/0.75/sample_3/IR_1800_DWT1.0TT1.0_FB_2/,line91_week/flag/0.75/sample_3.csv,line91_week,wave,0.75,flex_bus:2,func_key:distance_and_weighted_user_times;w_wt:1.0;w_tt:1.0,sample_3,IR_1800_DWT1.0TT1.0_FB_2,8,1.0,1.0,depots.csv,TimeBasedFS,line91.csv
54,1800,10000,RollingHorizon,BasicRequest,1.555,PoolingIRSOnly,ImmediateDecisionsSimulation,0,line91_week/flag/0.75/sample_4/IR_1800_DWT1.0TT1.0_FB_2/,line91_week/flag/0.75/sample_4.csv,line91_week,wave,0.75,flex_bus:2,func_key:distance_and_weighted_user_times;w_wt:1.0;w_tt:1.0,sample_4,IR_1800_DWT1.0TT1.0_FB_2,8,1.0,1.0,depots.csv,TimeBasedFS,line91.csv
55,1800,10000,RollingHorizon,BasicRequest,1.555,PoolingIRSOnly,ImmediateDecisionsSimulation,0,line91_week/flag/0.75/sample_5/IR_1800_DWT1.0TT1.0_FB_2/,line91_week/flag/0.75/sample_5.csv,line91_week,wave,0.75,flex_bus:2,func_key:distance_and_weighted_user_times;w_wt:1.0;w_tt:1.0,sample_5,IR_1800_DWT1.0TT1.0_FB_2,8,1.0,1.0,depots.csv,TimeBasedFS,line91.csv
56,1800,10000,RollingHorizon,BasicRequest,1.555,PoolingIRSOnly,ImmediateDecisionsSimulation,0,line91_week/flag/0.75/sample_6/IR_1800_DWT1.0TT1.0_FB_2/,line91_week/flag/0.75/sample_6.csv,line91_week,wave,0.75,flex_bus:2,func_key:distance_and_weighted_user_times;w_wt:1.0;w_tt:1.0,sample_6,IR_1800_DWT1.0TT1.0_FB_2,8,1.0,1.0,depots.csv,TimeBasedFS,line91.csv
57,1800,10000,RollingHorizon,BasicRequest,1.555,PoolingIRSOnly,ImmediateDecisionsSimulation,0,line91_week/flag/0.75/sample_7/IR_1800_DWT1.0TT1.0_FB_2/,line91_week/flag/0.75/sample_7.csv,line91_week,wave,0.75,flex_bus:2,func_key:distance_and_weighted_user_times;w_wt:1.0;w_tt:1.0,sample_7,IR_1800_DWT1.0TT1.0_FB_2,8,1.0,1.0,depots.csv,TimeBasedFS,line91.csv
58,1800,10000,RollingHorizon,BasicRequest,1.555,PoolingIRSOnly,ImmediateDecisionsSimulation,0,line91_week/flag/0.75/sample_8/IR_1800_DWT1.0TT1.0_FB_2/,line91_week/flag/0.75/sample_8.csv,line91_week,wave,0.75,flex_bus:2,func_key:distance_and_weighted_user_times;w_wt:1.0;w_tt:1.0,sample_8,IR_1800_DWT1.0TT1.0_FB_2,8,1.0,1.0,depots.csv,TimeBasedFS,line91.csv
59,1800,10000,RollingHorizon,BasicRequest,1.555,PoolingIRSOnly,ImmediateDecisionsSimulation,0,line91_week/flag/0.75/sample_9/IR_1800_DWT1.0TT1.0_FB_2/,line91_week/flag/0.75/sample_9.csv,line91_week,wave,0.75,flex_bus:2,func_key:distance_and_weighted_user_times;w_wt:1.0;w_tt:1.0,sample_9,IR_1800_DWT1.0TT1.0_FB_2,8,1.0,1.0,depots.csv,TimeBasedFS,line91.csv
60,1800,10000,RollingHorizon,BasicRequest,1.0,PoolingIRSOnly,ImmediateDecisionsSimulation,0,line91_week/flag/1.0/sample_0/IR_1800_DWT1.0TT1.0_FB_1/,line91_week/flag/1.0/sample_0.csv,line91_week,wave,1.0,flex_bus:1,func_key:distance_and_weighted_user_times;w_wt:1.0;w_tt:1.0,sample_0,IR_1800_DWT1.0TT1.0_FB_1,8,1.0,1.0,,,
61,1800,10000,RollingHorizon,BasicRequest,1.0,PoolingIRSOnly,ImmediateDecisionsSimulation,0,line91_week/flag/1.0/sample_1/IR_1800_DWT1.0TT1.0_FB_1/,line91_week/flag/1.0/sample_1.csv,line91_week,wave,1.0,flex_bus:1,func_key:distance_and_weighted_user_times;w_wt:1.0;w_tt:1.0,sample_1,IR_1800_DWT1.0TT1.0_FB_1,8,1.0,1.0,,,
62,1800,10000,RollingHorizon,BasicRequest,1.0,PoolingIRSOnly,ImmediateDecisionsSimulation,0,line91_week/flag/1.0/sample_2/IR_1800_DWT1.0TT1.0_FB_1/,line91_week/flag/1.0/sample_2.csv,line91_week,wave,1.0,flex_bus:1,func_key:distance_and_weighted_user_times;w_wt:1.0;w_tt:1.0,sample_2,IR_1800_DWT1.0TT1.0_FB_1,8,1.0,1.0,,,
63,1800,10000,RollingHorizon,BasicRequest,1.0,PoolingIRSOnly,ImmediateDecisionsSimulation,0,line91_week/flag/1.0/sample_3/IR_1800_DWT1.0TT1.0_FB_1/,line91_week/flag/1.0/sample_3.csv,line91_week,wave,1.0,flex_bus:1,func_key:distance_and_weighted_user_times;w_wt:1.0;w_tt:1.0,sample_3,IR_1800_DWT1.0TT1.0_FB_1,8,1.0,1.0,,,
64,1800,10000,RollingHorizon,BasicRequest,1.0,PoolingIRSOnly,ImmediateDecisionsSimulation,0,line91_week/flag/1.0/sample_4/IR_1800_DWT1.0TT1.0_FB_1/,line91_week/flag/1.0/sample_4.csv,line91_week,wave,1.0,flex_bus:1,func_key:distance_and_weighted_user_times;w_wt:1.0;w_tt:1.0,sample_4,IR_1800_DWT1.0TT1.0_FB_1,8,1.0,1.0,,,
65,1800,10000,RollingHorizon,BasicRequest,1.0,PoolingIRSOnly,ImmediateDecisionsSimulation,0,line91_week/flag/1.0/sample_5/IR_1800_DWT1.0TT1.0_FB_1/,line91_week/flag/1.0/sample_5.csv,line91_week,wave,1.0,flex_bus:1,func_key:distance_and_weighted_user_times;w_wt:1.0;w_tt:1.0,sample_5,IR_1800_DWT1.0TT1.0_FB_1,8,1.0,1.0,,,
66,1800,10000,RollingHorizon,BasicRequest,1.0,PoolingIRSOnly,ImmediateDecisionsSimulation,0,line91_week/flag/1.0/sample_6/IR_1800_DWT1.0TT1.0_FB_1/,line91_week/flag/1.0/sample_6.csv,line91_week,wave,1.0,flex_bus:1,func_key:distance_and_weighted_user_times;w_wt:1.0;w_tt:1.0,sample_6,IR_1800_DWT1.0TT1.0_FB_1,8,1.0,1.0,,,
67,1800,10000,RollingHorizon,BasicRequest,1.0,PoolingIRSOnly,ImmediateDecisionsSimulation,0,line91_week/flag/1.0/sample_7/IR_1800_DWT1.0TT1.0_FB_1/,line91_week/flag/1.0/sample_7.csv,line91_week,wave,1.0,flex_bus:1,func_key:distance_and_weighted_user_times;w_wt:1.0;w_tt:1.0,sample_7,IR_1800_DWT1.0TT1.0_FB_1,8,1.0,1.0,,,
68,1800,10000,RollingHorizon,BasicRequest,1.0,PoolingIRSOnly,ImmediateDecisionsSimulation,0,line91_week/flag/1.0/sample_8/IR_1800_DWT1.0TT1.0_FB_1/,line91_week/flag/1.0/sample_8.csv,line91_week,wave,1.0,flex_bus:1,func_key:distance_and_weighted_user_times;w_wt:1.0;w_tt:1.0,sample_8,IR_1800_DWT1.0TT1.0_FB_1,8,1.0,1.0,,,
69,1800,10000,RollingHorizon,BasicRequest,1.0,PoolingIRSOnly,ImmediateDecisionsSimulation,0,line91_week/flag/1.0/sample_9/IR_1800_DWT1.0TT1.0_FB_1/,line91_week/flag/1.0/sample_9.csv,line91_week,wave,1.0,flex_bus:1,func_key:distance_and_weighted_user_times;w_wt:1.0;w_tt:1.0,sample_9,IR_1800_DWT1.0TT1.0_FB_1,8,1.0,1.0,,,
70,1800,10000,RollingHorizon,BasicRequest,1.555,PoolingIRSOnly,ImmediateDecisionsSimulation,0,line91_week/flag/1.0/sample_0/IR_1800_DWT1.0TT1.0_FB_2/,line91_week/flag/1.0/sample_0.csv,line91_week,wave,1.0,flex_bus:2,func_key:distance_and_weighted_user_times;w_wt:1.0;w_tt:1.0,sample_0,IR_1800_DWT1.0TT1.0_FB_2,8,1.0,1.0,depots.csv,TimeBasedFS,line91.csv
71,1800,10000,RollingHorizon,BasicRequest,1.555,PoolingIRSOnly,ImmediateDecisionsSimulation,0,line91_week/flag/1.0/sample_1/IR_1800_DWT1.0TT1.0_FB_2/,line91_week/flag/1.0/sample_1.csv,line91_week,wave,1.0,flex_bus:2,func_key:distance_and_weighted_user_times;w_wt:1.0;w_tt:1.0,sample_1,IR_1800_DWT1.0TT1.0_FB_2,8,1.0,1.0,depots.csv,TimeBasedFS,line91.csv
72,1800,10000,RollingHorizon,BasicRequest,1.555,PoolingIRSOnly,ImmediateDecisionsSimulation,0,line91_week/flag/1.0/sample_2/IR_1800_DWT1.0TT1.0_FB_2/,line91_week/flag/1.0/sample_2.csv,line91_week,wave,1.0,flex_bus:2,func_key:distance_and_weighted_user_times;w_wt:1.0;w_tt:1.0,sample_2,IR_1800_DWT1.0TT1.0_FB_2,8,1.0,1.0,depots.csv,TimeBasedFS,line91.csv
73,1800,10000,RollingHorizon,BasicRequest,1.555,PoolingIRSOnly,ImmediateDecisionsSimulation,0,line91_week/flag/1.0/sample_3/IR_1800_DWT1.0TT1.0_FB_2/,line91_week/flag/1.0/sample_3.csv,line91_week,wave,1.0,flex_bus:2,func_key:distance_and_weighted_user_times;w_wt:1.0;w_tt:1.0,sample_3,IR_1800_DWT1.0TT1.0_FB_2,8,1.0,1.0,depots.csv,TimeBasedFS,line91.csv
74,1800,10000,RollingHorizon,BasicRequest,1.555,PoolingIRSOnly,ImmediateDecisionsSimulation,0,line91_week/flag/1.0/sample_4/IR_1800_DWT1.0TT1.0_FB_2/,line91_week/flag/1.0/sample_4.csv,line91_week,wave,1.0,flex_bus:2,func_key:distance_and_weighted_user_times;w_wt:1.0;w_tt:1.0,sample_4,IR_1800_DWT1.0TT1.0_FB_2,8,1.0,1.0,depots.csv,TimeBasedFS,line91.csv
75,1800,10000,RollingHorizon,BasicRequest,1.555,PoolingIRSOnly,ImmediateDecisionsSimulation,0,line91_week/flag/1.0/sample_5/IR_1800_DWT1.0TT1.0_FB_2/,line91_week/flag/1.0/sample_5.csv,line91_week,wave,1.0,flex_bus:2,func_key:distance_and_weighted_user_times;w_wt:1.0;w_tt:1.0,sample_5,IR_1800_DWT1.0TT1.0_FB_2,8,1.0,1.0,depots.csv,TimeBasedFS,line91.csv
76,1800,10000,RollingHorizon,BasicRequest,1.555,PoolingIRSOnly,ImmediateDecisionsSimulation,0,line91_week/flag/1.0/sample_6/IR_1800_DWT1.0TT1.0_FB_2/,line91_week/flag/1.0/sample_6.csv,line91_week,wave,1.0,flex_bus:2,func_key:distance_and_weighted_user_times;w_wt:1.0;w_tt:1.0,sample_6,IR_1800_DWT1.0TT1.0_FB_2,8,1.0,1.0,depots.csv,TimeBasedFS,line91.csv
77,1800,10000,RollingHorizon,BasicRequest,1.555,PoolingIRSOnly,ImmediateDecisionsSimulation,0,line91_week/flag/1.0/sample_7/IR_1800_DWT1.0TT1.0_FB_2/,line91_week/flag/1.0/sample_7.csv,line91_week,wave,1.0,flex_bus:2,func_key:distance_and_weighted_user_times;w_wt:1.0;w_tt:1.0,sample_7,IR_1800_DWT1.0TT1.0_FB_2,8,1.0,1.0,depots.csv,TimeBasedFS,line91.csv
78,1800,10000,RollingHorizon,BasicRequest,1.555,PoolingIRSOnly,ImmediateDecisionsSimulation,0,line91_week/flag/1.0/sample_8/IR_1800_DWT1.0TT1.0_FB_2/,line91_week/flag/1.0/sample_8.csv,line91_week,wave,1.0,flex_bus:2,func_key:distance_and_weighted_user_times;w_wt:1.0;w_tt:1.0,sample_8,IR_1800_DWT1.0TT1.0_FB_2,8,1.0,1.0,depots.csv,TimeBasedFS,line91.csv
79,1800,10000,RollingHorizon,BasicRequest,1.555,PoolingIRSOnly,ImmediateDecisionsSimulation,0,line91_week/flag/1.0/sample_9/IR_1800_DWT1.0TT1.0_FB_2/,line91_week/flag/1.0/sample_9.csv,line91_week,wave,1.0,flex_bus:2,func_key:distance_and_weighted_user_times;w_wt:1.0;w_tt:1.0,sample_9,IR_1800_DWT1.0TT1.0_FB_2,8,1.0,1.0,depots.csv,TimeBasedFS,line91.csv
80,1800,10000,RollingHorizon,BasicRequest,1.0,PoolingIRSOnly,ImmediateDecisionsSimulation,0,line91_week/flag/1.25/sample_0/IR_1800_DWT1.0TT1.0_FB_1/,line91_week/flag/1.25/sample_0.csv,line91_week,wave,1.25,flex_bus:1,func_key:distance_and_weighted_user_times;w_wt:1.0;w_tt:1.0,sample_0,IR_1800_DWT1.0TT1.0_FB_1,8,1.0,1.0,,,
81,1800,10000,RollingHorizon,BasicRequest,1.0,PoolingIRSOnly,ImmediateDecisionsSimulation,0,line91_week/flag/1.25/sample_1/IR_1800_DWT1.0TT1.0_FB_1/,line91_week/flag/1.25/sample_1.csv,line91_week,wave,1.25,flex_bus:1,func_key:distance_and_weighted_user_times;w_wt:1.0;w_tt:1.0,sample_1,IR_1800_DWT1.0TT1.0_FB_1,8,1.0,1.0,,,
82,1800,10000,RollingHorizon,BasicRequest,1.0,PoolingIRSOnly,ImmediateDecisionsSimulation,0,line91_week/flag/1.25/sample_2/IR_1800_DWT1.0TT1.0_FB_1/,line91_week/flag/1.25/sample_2.csv,line91_week,wave,1.25,flex_bus:1,func_key:distance_and_weighted_user_times;w_wt:1.0;w_tt:1.0,sample_2,IR_1800_DWT1.0TT1.0_FB_1,8,1.0,1.0,,,
83,1800,10000,RollingHorizon,BasicRequest,1.0,PoolingIRSOnly,ImmediateDecisionsSimulation,0,line91_week/flag/1.25/sample_3/IR_1800_DWT1.0TT1.0_FB_1/,line91_week/flag/1.25/sample_3.csv,line91_week,wave,1.25,flex_bus:1,func_key:distance_and_weighted_user_times;w_wt:1.0;w_tt:1.0,sample_3,IR_1800_DWT1.0TT1.0_FB_1,8,1.0,1.0,,,
84,1800,10000,RollingHorizon,BasicRequest,1.0,PoolingIRSOnly,ImmediateDecisionsSimulation,0,line91_week/flag/1.25/sample_4/IR_1800_DWT1.0TT1.0_FB_1/,line91_week/flag/1.25/sample_4.csv,line91_week,wave,1.25,flex_bus:1,func_key:distance_and_weighted_user_times;w_wt:1.0;w_tt:1.0,sample_4,IR_1800_DWT1.0TT1.0_FB_1,8,1.0,1.0,,,
85,1800,10000,RollingHorizon,BasicRequest,1.0,PoolingIRSOnly,ImmediateDecisionsSimulation,0,line91_week/flag/1.25/sample_5/IR_1800_DWT1.0TT1.0_FB_1/,line91_week/flag/1.25/sample_5.csv,line91_week,wave,1.25,flex_bus:1,func_key:distance_and_weighted_user_times;w_wt:1.0;w_tt:1.0,sample_5,IR_1800_DWT1.0TT1.0_FB_1,8,1.0,1.0,,,
86,1800,10000,RollingHorizon,BasicRequest,1.0,PoolingIRSOnly,ImmediateDecisionsSimulation,0,line91_week/flag/1.25/sample_6/IR_1800_DWT1.0TT1.0_FB_1/,line91_week/flag/1.25/sample_6.csv,line91_week,wave,1.25,flex_bus:1,func_key:distance_and_weighted_user_times;w_wt:1.0;w_tt:1.0,sample_6,IR_1800_DWT1.0TT1.0_FB_1,8,1.0,1.0,,,
87,1800,10000,RollingHorizon,BasicRequest,1.0,PoolingIRSOnly,ImmediateDecisionsSimulation,0,line91_week/flag/1.25/sample_7/IR_1800_DWT1.0TT1.0_FB_1/,line91_week/flag/1.25/sample_7.csv,line91_week,wave,1.25,flex_bus:1,func_key:distance_and_weighted_user_times;w_wt:1.0;w_tt:1.0,sample_7,IR_1800_DWT1.0TT1.0_FB_1,8,1.0,1.0,,,
88,1800,10000,RollingHorizon,BasicRequest,1.0,PoolingIRSOnly,ImmediateDecisionsSimulation,0,line91_week/flag/1.25/sample_8/IR_1800_DWT1.0TT1.0_FB_1/,line91_week/flag/1.25/sample_8.csv,line91_week,wave,1.25,flex_bus:1,func_key:distance_and_weighted_user_times;w_wt:1.0;w_tt:1.0,sample_8,IR_1800_DWT1.0TT1.0_FB_1,8,1.0,1.0,,,
89,1800,10000,RollingHorizon,BasicRequest,1.0,PoolingIRSOnly,ImmediateDecisionsSimulation,0,line91_week/flag/1.25/sample_9/IR_1800_DWT1.0TT1.0_FB_1/,line91_week/flag/1.25/sample_9.csv,line91_week,wave,1.25,flex_bus:1,func_key:distance_and_weighted_user_times;w_wt:1.0;w_tt:1.0,sample_9,IR_1800_DWT1.0TT1.0_FB_1,8,1.0,1.0,,,
90,1800,10000,RollingHorizon,BasicRequest,1.555,PoolingIRSOnly,ImmediateDecisionsSimulation,0,line91_week/flag/1.25/sample_0/IR_1800_DWT1.0TT1.0_FB_2/,line91_week/flag/1.25/sample_0.csv,line91_week,wave,1.25,flex_bus:2,func_key:distance_and_weighted_user_times;w_wt:1.0;w_tt:1.0,sample_0,IR_1800_DWT1.0TT1.0_FB_2,8,1.0,1.0,depots.csv,TimeBasedFS,line91.csv
91,1800,10000,RollingHorizon,BasicRequest,1.555,PoolingIRSOnly,ImmediateDecisionsSimulation,0,line91_week/flag/1.25/sample_1/IR_1800_DWT1.0TT1.0_FB_2/,line91_week/flag/1.25/sample_1.csv,line91_week,wave,1.25,flex_bus:2,func_key:distance_and_weighted_user_times;w_wt:1.0;w_tt:1.0,sample_1,IR_1800_DWT1.0TT1.0_FB_2,8,1.0,1.0,depots.csv,TimeBasedFS,line91.csv
92,1800,10000,RollingHorizon,BasicRequest,1.555,PoolingIRSOnly,ImmediateDecisionsSimulation,0,line91_week/flag/1.25/sample_2/IR_1800_DWT1.0TT1.0_FB_2/,line91_week/flag/1.25/sample_2.csv,line91_week,wave,1.25,flex_bus:2,func_key:distance_and_weighted_user_times;w_wt:1.0;w_tt:1.0,sample_2,IR_1800_DWT1.0TT1.0_FB_2,8,1.0,1.0,depots.csv,TimeBasedFS,line91.csv
93,1800,10000,RollingHorizon,BasicRequest,1.555,PoolingIRSOnly,ImmediateDecisionsSimulation,0,line91_week/flag/1.25/sample_3/IR_1800_DWT1.0TT1.0_FB_2/,line91_week/flag/1.25/sample_3.csv,line91_week,wave,1.25,flex_bus:2,func_key:distance_and_weighted_user_times;w_wt:1.0;w_tt:1.0,sample_3,IR_1800_DWT1.0TT1.0_FB_2,8,1.0,1.0,depots.csv,TimeBasedFS,line91.csv
94,1800,10000,RollingHorizon,BasicRequest,1.555,PoolingIRSOnly,ImmediateDecisionsSimulation,0,line91_week/flag/1.25/sample_4/IR_1800_DWT1.0TT1.0_FB_2/,line91_week/flag/1.25/sample_4.csv,line91_week,wave,1.25,flex_bus:2,func_key:distance_and_weighted_user_times;w_wt:1.0;w_tt:1.0,sample_4,IR_1800_DWT1.0TT1.0_FB_2,8,1.0,1.0,depots.csv,TimeBasedFS,line91.csv
95,1800,10000,RollingHorizon,BasicRequest,1.555,PoolingIRSOnly,ImmediateDecisionsSimulation,0,line91_week/flag/1.25/sample_5/IR_1800_DWT1.0TT1.0_FB_2/,line91_week/flag/1.25/sample_5.csv,line91_week,wave,1.25,flex_bus:2,func_key:distance_and_weighted_user_times;w_wt:1.0;w_tt:1.0,sample_5,IR_1800_DWT1.0TT1.0_FB_2,8,1.0,1.0,depots.csv,TimeBasedFS,line91.csv
96,1800,10000,RollingHorizon,BasicRequest,1.555,PoolingIRSOnly,ImmediateDecisionsSimulation,0,line91_week/flag/1.25/sample_6/IR_1800_DWT1.0TT1.0_FB_2/,line91_week/flag/1.25/sample_6.csv,line91_week,wave,1.25,flex_bus:2,func_key:distance_and_weighted_user_times;w_wt:1.0;w_tt:1.0,sample_6,IR_1800_DWT1.0TT1.0_FB_2,8,1.0,1.0,depots.csv,TimeBasedFS,line91.csv
97,1800,10000,RollingHorizon,BasicRequest,1.555,PoolingIRSOnly,ImmediateDecisionsSimulation,0,line91_week/flag/1.25/sample_7/IR_1800_DWT1.0TT1.0_FB_2/,line91_week/flag/1.25/sample_7.csv,line91_week,wave,1.25,flex_bus:2,func_key:distance_and_weighted_user_times;w_wt:1.0;w_tt:1.0,sample_7,IR_1800_DWT1.0TT1.0_FB_2,8,1.0,1.0,depots.csv,TimeBasedFS,line91.csv
98,1800,10000,RollingHorizon,BasicRequest,1.555,PoolingIRSOnly,ImmediateDecisionsSimulation,0,line91_week/flag/1.25/sample_8/IR_1800_DWT1.0TT1.0_FB_2/,line91_week/flag/1.25/sample_8.csv,line91_week,wave,1.25,flex_bus:2,func_key:distance_and_weighted_user_times;w_wt:1.0;w_tt:1.0,sample_8,IR_1800_DWT1.0TT1.0_FB_2,8,1.0,1.0,depots.csv,TimeBasedFS,line91.csv
99,1800,10000,RollingHorizon,BasicRequest,1.555,PoolingIRSOnly,ImmediateDecisionsSimulation,0,line91_week/flag/1.25/sample_9/IR_1800_DWT1.0TT1.0_FB_2/,line91_week/flag/1.25/sample_9.csv,line91_week,wave,1.25,flex_bus:2,func_key:distance_and_weighted_user_times;w_wt:1.0;w_tt:1.0,sample_9,IR_1800_DWT1.0TT1.0_FB_2,8,1.0,1.0,depots.csv,TimeBasedFS,line91.csv
100,1800,10000,RollingHorizon,BasicRequest,1.0,PoolingIRSOnly,ImmediateDecisionsSimulation,0,line91_week/flag/1.5/sample_0/IR_1800_DWT1.0TT1.0_FB_1/,line91_week/flag/1.5/sample_0.csv,line91_week,wave,1.5,flex_bus:1,func_key:distance_and_weighted_user_times;w_wt:1.0;w_tt:1.0,sample_0,IR_1800_DWT1.0TT1.0_FB_1,8,1.0,1.0,,,
101,1800,10000,RollingHorizon,BasicRequest,1.0,PoolingIRSOnly,ImmediateDecisionsSimulation,0,line91_week/flag/1.5/sample_1/IR_1800_DWT1.0TT1.0_FB_1/,line91_week/flag/1.5/sample_1.csv,line91_week,wave,1.5,flex_bus:1,func_key:distance_and_weighted_user_times;w_wt:1.0;w_tt:1.0,sample_1,IR_1800_DWT1.0TT1.0_FB_1,8,1.0,1.0,,,
102,1800,10000,RollingHorizon,BasicRequest,1.0,PoolingIRSOnly,ImmediateDecisionsSimulation,0,line91_week/flag/1.5/sample_2/IR_1800_DWT1.0TT1.0_FB_1/,line91_week/flag/1.5/sample_2.csv,line91_week,wave,1.5,flex_bus:1,func_key:distance_and_weighted_user_times;w_wt:1.0;w_tt:1.0,sample_2,IR_1800_DWT1.0TT1.0_FB_1,8,1.0,1.0,,,
103,1800,10000,RollingHorizon,BasicRequest,1.0,PoolingIRSOnly,ImmediateDecisionsSimulation,0,line91_week/flag/1.5/sample_3/IR_1800_DWT1.0TT1.0_FB_1/,line91_week/flag/1.5/sample_3.csv,line91_week,wave,1.5,flex_bus:1,func_key:distance_and_weighted_user_times;w_wt:1.0;w_tt:1.0,sample_3,IR_1800_DWT1.0TT1.0_FB_1,8,1.0,1.0,,,
104,1800,10000,RollingHorizon,BasicRequest,1.0,PoolingIRSOnly,ImmediateDecisionsSimulation,0,line91_week/flag/1.5/sample_4/IR_1800_DWT1.0TT1.0_FB_1/,line91_week/flag/1.5/sample_4.csv,line91_week,wave,1.5,flex_bus:1,func_key:distance_and_weighted_user_times;w_wt:1.0;w_tt:1.0,sample_4,IR_1800_DWT1.0TT1.0_FB_1,8,1.0,1.0,,,
105,1800,10000,RollingHorizon,BasicRequest,1.0,PoolingIRSOnly,ImmediateDecisionsSimulation,0,line91_week/flag/1.5/sample_5/IR_1800_DWT1.0TT1.0_FB_1/,line91_week/flag/1.5/sample_5.csv,line91_week,wave,1.5,flex_bus:1,func_key:distance_and_weighted_user_times;w_wt:1.0;w_tt:1.0,sample_5,IR_1800_DWT1.0TT1.0_FB_1,8,1.0,1.0,,,
106,1800,10000,RollingHorizon,BasicRequest,1.0,PoolingIRSOnly,ImmediateDecisionsSimulation,0,line91_week/flag/1.5/sample_6/IR_1800_DWT1.0TT1.0_FB_1/,line91_week/flag/1.5/sample_6.csv,line91_week,wave,1.5,flex_bus:1,func_key:distance_and_weighted_user_times;w_wt:1.0;w_tt:1.0,sample_6,IR_1800_DWT1.0TT1.0_FB_1,8,1.0,1.0,,,
107,1800,10000,RollingHorizon,BasicRequest,1.0,PoolingIRSOnly,ImmediateDecisionsSimulation,0,line91_week/flag/1.5/sample_7/IR_1800_DWT1.0TT1.0_FB_1/,line91_week/flag/1.5/sample_7.csv,line91_week,wave,1.5,flex_bus:1,func_key:distance_and_weighted_user_times;w_wt:1.0;w_tt:1.0,sample_7,IR_1800_DWT1.0TT1.0_FB_1,8,1.0,1.0,,,
108,1800,10000,RollingHorizon,BasicRequest,1.0,PoolingIRSOnly,ImmediateDecisionsSimulation,0,line91_week/flag/1.5/sample_8/IR_1800_DWT1.0TT1.0_FB_1/,line91_week/flag/1.5/sample_8.csv,line91_week,wave,1.5,flex_bus:1,func_key:distance_and_weighted_user_times;w_wt:1.0;w_tt:1.0,sample_8,IR_1800_DWT1.0TT1.0_FB_1,8,1.0,1.0,,,
109,1800,10000,RollingHorizon,BasicRequest,1.0,PoolingIRSOnly,ImmediateDecisionsSimulation,0,line91_week/flag/1.5/sample_9/IR_1800_DWT1.0TT1.0_FB_1/,line91_week/flag/1.5/sample_9.csv,line91_week,wave,1.5,flex_bus:1,func_key:distance_and_weighted_user_times;w_wt:1.0;w_tt:1.0,sample_9,IR_1800_DWT1.0TT1.0_FB_1,8,1.0,1.0,,,
110,1800,10000,RollingHorizon,BasicRequest,1.555,PoolingIRSOnly,ImmediateDecisionsSimulation,0,line91_week/flag/1.5/sample_0/IR_1800_DWT1.0TT1.0_FB_2/,line91_week/flag/1.5/sample_0.csv,line91_week,wave,1.5,flex_bus:2,func_key:distance_and_weighted_user_times;w_wt:1.0;w_tt:1.0,sample_0,IR_1800_DWT1.0TT1.0_FB_2,8,1.0,1.0,depots.csv,TimeBasedFS,line91.csv
111,1800,10000,RollingHorizon,BasicRequest,1.555,PoolingIRSOnly,ImmediateDecisionsSimulation,0,line91_week/flag/1.5/sample_1/IR_1800_DWT1.0TT1.0_FB_2/,line91_week/flag/1.5/sample_1.csv,line91_week,wave,1.5,flex_bus:2,func_key:distance_and_weighted_user_times;w_wt:1.0;w_tt:1.0,sample_1,IR_1800_DWT1.0TT1.0_FB_2,8,1.0,1.0,depots.csv,TimeBasedFS,line91.csv
112,1800,10000,RollingHorizon,BasicRequest,1.555,PoolingIRSOnly,ImmediateDecisionsSimulation,0,line91_week/flag/1.5/sample_2/IR_1800_DWT1.0TT1.0_FB_2/,line91_week/flag/1.5/sample_2.csv,line91_week,wave,1.5,flex_bus:2,func_key:distance_and_weighted_user_times;w_wt:1.0;w_tt:1.0,sample_2,IR_1800_DWT1.0TT1.0_FB_2,8,1.0,1.0,depots.csv,TimeBasedFS,line91.csv
113,1800,10000,RollingHorizon,BasicRequest,1.555,PoolingIRSOnly,ImmediateDecisionsSimulation,0,line91_week/flag/1.5/sample_3/IR_1800_DWT1.0TT1.0_FB_2/,line91_week/flag/1.5/sample_3.csv,line91_week,wave,1.5,flex_bus:2,func_key:distance_and_weighted_user_times;w_wt:1.0;w_tt:1.0,sample_3,IR_1800_DWT1.0TT1.0_FB_2,8,1.0,1.0,depots.csv,TimeBasedFS,line91.csv
114,1800,10000,RollingHorizon,BasicRequest,1.555,PoolingIRSOnly,ImmediateDecisionsSimulation,0,line91_week/flag/1.5/sample_4/IR_1800_DWT1.0TT1.0_FB_2/,line91_week/flag/1.5/sample_4.csv,line91_week,wave,1.5,flex_bus:2,func_key:distance_and_weighted_user_times;w_wt:1.0;w_tt:1.0,sample_4,IR_1800_DWT1.0TT1.0_FB_2,8,1.0,1.0,depots.csv,TimeBasedFS,line91.csv
115,1800,10000,RollingHorizon,BasicRequest,1.555,PoolingIRSOnly,ImmediateDecisionsSimulation,0,line91_week/flag/1.5/sample_5/IR_1800_DWT1.0TT1.0_FB_2/,line91_week/flag/1.5/sample_5.csv,line91_week,wave,1.5,flex_bus:2,func_key:distance_and_weighted_user_times;w_wt:1.0;w_tt:1.0,sample_5,IR_1800_DWT1.0TT1.0_FB_2,8,1.0,1.0,depots.csv,TimeBasedFS,line91.csv
116,1800,10000,RollingHorizon,BasicRequest,1.555,PoolingIRSOnly,ImmediateDecisionsSimulation,0,line91_week/flag/1.5/sample_6/IR_1800_DWT1.0TT1.0_FB_2/,line91_week/flag/1.5/sample_6.csv,line91_week,wave,1.5,flex_bus:2,func_key:distance_and_weighted_user_times;w_wt:1.0;w_tt:1.0,sample_6,IR_1800_DWT1.0TT1.0_FB_2,8,1.0,1.0,depots.csv,TimeBasedFS,line91.csv
117,1800,10000,RollingHorizon,BasicRequest,1.555,PoolingIRSOnly,ImmediateDecisionsSimulation,0,line91_week/flag/1.5/sample_7/IR_1800_DWT1.0TT1.0_FB_2/,line91_week/flag/1.5/sample_7.csv,line91_week,wave,1.5,flex_bus:2,func_key:distance_and_weighted_user_times;w_wt:1.0;w_tt:1.0,sample_7,IR_1800_DWT1.0TT1.0_FB_2,8,1.0,1.0,depots.csv,TimeBasedFS,line91.csv
118,1800,10000,RollingHorizon,BasicRequest,1.555,PoolingIRSOnly,ImmediateDecisionsSimulation,0,line91_week/flag/1.5/sample_8/IR_1800_DWT1.0TT1.0_FB_2/,line91_week/flag/1.5/sample_8.csv,line91_week,wave,1.5,flex_bus:2,func_key:distance_and_weighted_user_times;w_wt:1.0;w_tt:1.0,sample_8,IR_1800_DWT1.0TT1.0_FB_2,8,1.0,1.0,depots.csv,TimeBasedFS,line91.csv
119,1800,10000,RollingHorizon,BasicRequest,1.555,PoolingIRSOnly,ImmediateDecisionsSimulation,0,line91_week/flag/1.5/sample_9/IR_1800_DWT1.0TT1.0_FB_2/,line91_week/flag/1.5/sample_9.csv,line91_week,wave,1.5,flex_bus:2,func_key:distance_and_weighted_user_times;w_wt:1.0;w_tt:1.0,sample_9,IR_1800_DWT1.0TT1.0_FB_2,8,1.0,1.0,depots.csv,TimeBasedFS,line91.csv
120,1800,10000,RollingHorizon,BasicRequest,1.0,PoolingIRSOnly,ImmediateDecisionsSimulation,0,line91_week/flag/1.75/sample_0/IR_1800_DWT1.0TT1.0_FB_1/,line91_week/flag/1.75/sample_0.csv,line91_week,wave,1.75,flex_bus:1,func_key:distance_and_weighted_user_times;w_wt:1.0;w_tt:1.0,sample_0,IR_1800_DWT1.0TT1.0_FB_1,8,1.0,1.0,,,
121,1800,10000,RollingHorizon,BasicRequest,1.0,PoolingIRSOnly,ImmediateDecisionsSimulation,0,line91_week/flag/1.75/sample_1/IR_1800_DWT1.0TT1.0_FB_1/,line91_week/flag/1.75/sample_1.csv,line91_week,wave,1.75,flex_bus:1,func_key:distance_and_weighted_user_times;w_wt:1.0;w_tt:1.0,sample_1,IR_1800_DWT1.0TT1.0_FB_1,8,1.0,1.0,,,
122,1800,10000,RollingHorizon,BasicRequest,1.0,PoolingIRSOnly,ImmediateDecisionsSimulation,0,line91_week/flag/1.75/sample_2/IR_1800_DWT1.0TT1.0_FB_1/,line91_week/flag/1.75/sample_2.csv,line91_week,wave,1.75,flex_bus:1,func_key:distance_and_weighted_user_times;w_wt:1.0;w_tt:1.0,sample_2,IR_1800_DWT1.0TT1.0_FB_1,8,1.0,1.0,,,
123,1800,10000,RollingHorizon,BasicRequest,1.0,PoolingIRSOnly,ImmediateDecisionsSimulation,0,line91_week/flag/1.75/sample_3/IR_1800_DWT1.0TT1.0_FB_1/,line91_week/flag/1.75/sample_3.csv,line91_week,wave,1.75,flex_bus:1,func_key:distance_and_weighted_user_times;w_wt:1.0;w_tt:1.0,sample_3,IR_1800_DWT1.0TT1.0_FB_1,8,1.0,1.0,,,
124,1800,10000,RollingHorizon,BasicRequest,1.0,PoolingIRSOnly,ImmediateDecisionsSimulation,0,line91_week/flag/1.75/sample_4/IR_1800_DWT1.0TT1.0_FB_1/,line91_week/flag/1.75/sample_4.csv,line91_week,wave,1.75,flex_bus:1,func_key:distance_and_weighted_user_times;w_wt:1.0;w_tt:1.0,sample_4,IR_1800_DWT1.0TT1.0_FB_1,8,1.0,1.0,,,
125,1800,10000,RollingHorizon,BasicRequest,1.0,PoolingIRSOnly,ImmediateDecisionsSimulation,0,line91_week/flag/1.75/sample_5/IR_1800_DWT1.0TT1.0_FB_1/,line91_week/flag/1.75/sample_5.csv,line91_week,wave,1.75,flex_bus:1,func_key:distance_and_weighted_user_times;w_wt:1.0;w_tt:1.0,sample_5,IR_1800_DWT1.0TT1.0_FB_1,8,1.0,1.0,,,
126,1800,10000,RollingHorizon,BasicRequest,1.0,PoolingIRSOnly,ImmediateDecisionsSimulation,0,line91_week/flag/1.75/sample_6/IR_1800_DWT1.0TT1.0_FB_1/,line91_week/flag/1.75/sample_6.csv,line91_week,wave,1.75,flex_bus:1,func_key:distance_and_weighted_user_times;w_wt:1.0;w_tt:1.0,sample_6,IR_1800_DWT1.0TT1.0_FB_1,8,1.0,1.0,,,
127,1800,10000,RollingHorizon,BasicRequest,1.0,PoolingIRSOnly,ImmediateDecisionsSimulation,0,line91_week/flag/1.75/sample_7/IR_1800_DWT1.0TT1.0_FB_1/,line91_week/flag/1.75/sample_7.csv,line91_week,wave,1.75,flex_bus:1,func_key:distance_and_weighted_user_times;w_wt:1.0;w_tt:1.0,sample_7,IR_1800_DWT1.0TT1.0_FB_1,8,1.0,1.0,,,
128,1800,10000,RollingHorizon,BasicRequest,1.0,PoolingIRSOnly,ImmediateDecisionsSimulation,0,line91_week/flag/1.75/sample_8/IR_1800_DWT1.0TT1.0_FB_1/,line91_week/flag/1.75/sample_8.csv,line91_week,wave,1.75,flex_bus:1,func_key:distance_and_weighted_user_times;w_wt:1.0;w_tt:1.0,sample_8,IR_1800_DWT1.0TT1.0_FB_1,8,1.0,1.0,,,
129,1800,10000,RollingHorizon,BasicRequest,1.0,PoolingIRSOnly,ImmediateDecisionsSimulation,0,line91_week/flag/1.75/sample_9/IR_1800_DWT1.0TT1.0_FB_1/,line91_week/flag/1.75/sample_9.csv,line91_week,wave,1.75,flex_bus:1,func_key:distance_and_weighted_user_times;w_wt:1.0;w_tt:1.0,sample_9,IR_1800_DWT1.0TT1.0_FB_1,8,1.0,1.0,,,
130,1800,10000,RollingHorizon,BasicRequest,1.555,PoolingIRSOnly,ImmediateDecisionsSimulation,0,line91_week/flag/1.75/sample_0/IR_1800_DWT1.0TT1.0_FB_2/,line91_week/flag/1.75/sample_0.csv,line91_week,wave,1.75,flex_bus:2,func_key:distance_and_weighted_user_times;w_wt:1.0;w_tt:1.0,sample_0,IR_1800_DWT1.0TT1.0_FB_2,8,1.0,1.0,depots.csv,TimeBasedFS,line91.csv
131,1800,10000,RollingHorizon,BasicRequest,1.555,PoolingIRSOnly,ImmediateDecisionsSimulation,0,line91_week/flag/1.75/sample_1/IR_1800_DWT1.0TT1.0_FB_2/,line91_week/flag/1.75/sample_1.csv,line91_week,wave,1.75,flex_bus:2,func_key:distance_and_weighted_user_times;w_wt:1.0;w_tt:1.0,sample_1,IR_1800_DWT1.0TT1.0_FB_2,8,1.0,1.0,depots.csv,TimeBasedFS,line91.csv
132,1800,10000,RollingHorizon,BasicRequest,1.555,PoolingIRSOnly,ImmediateDecisionsSimulation,0,line91_week/flag/1.75/sample_2/IR_1800_DWT1.0TT1.0_FB_2/,line91_week/flag/1.75/sample_2.csv,line91_week,wave,1.75,flex_bus:2,func_key:distance_and_weighted_user_times;w_wt:1.0;w_tt:1.0,sample_2,IR_1800_DWT1.0TT1.0_FB_2,8,1.0,1.0,depots.csv,TimeBasedFS,line91.csv
133,1800,10000,RollingHorizon,BasicRequest,1.555,PoolingIRSOnly,ImmediateDecisionsSimulation,0,line91_week/flag/1.75/sample_3/IR_1800_DWT1.0TT1.0_FB_2/,line91_week/flag/1.75/sample_3.csv,line91_week,wave,1.75,flex_bus:2,func_key:distance_and_weighted_user_times;w_wt:1.0;w_tt:1.0,sample_3,IR_1800_DWT1.0TT1.0_FB_2,8,1.0,1.0,depots.csv,TimeBasedFS,line91.csv
134,1800,10000,RollingHorizon,BasicRequest,1.555,PoolingIRSOnly,ImmediateDecisionsSimulation,0,line91_week/flag/1.75/sample_4/IR_1800_DWT1.0TT1.0_FB_2/,line91_week/flag/1.75/sample_4.csv,line91_week,wave,1.75,flex_bus:2,func_key:distance_and_weighted_user_times;w_wt:1.0;w_tt:1.0,sample_4,IR_1800_DWT1.0TT1.0_FB_2,8,1.0,1.0,depots.csv,TimeBasedFS,line91.csv
135,1800,10000,RollingHorizon,BasicRequest,1.555,PoolingIRSOnly,ImmediateDecisionsSimulation,0,line91_week/flag/1.75/sample_5/IR_1800_DWT1.0TT1.0_FB_2/,line91_week/flag/1.75/sample_5.csv,line91_week,wave,1.75,flex_bus:2,func_key:distance_and_weighted_user_times;w_wt:1.0;w_tt:1.0,sample_5,IR_1800_DWT1.0TT1.0_FB_2,8,1.0,1.0,depots.csv,TimeBasedFS,line91.csv
136,1800,10000,RollingHorizon,BasicRequest,1.555,PoolingIRSOnly,ImmediateDecisionsSimulation,0,line91_week/flag/1.75/sample_6/IR_1800_DWT1.0TT1.0_FB_2/,line91_week/flag/1.75/sample_6.csv,line91_week,wave,1.75,flex_bus:2,func_key:distance_and_weighted_user_times;w_wt:1.0;w_tt:1.0,sample_6,IR_1800_DWT1.0TT1.0_FB_2,8,1.0,1.0,depots.csv,TimeBasedFS,line91.csv
137,1800,10000,RollingHorizon,BasicRequest,1.555,PoolingIRSOnly,ImmediateDecisionsSimulation,0,line91_week/flag/1.75/sample_7/IR_1800_DWT1.0TT1.0_FB_2/,line91_week/flag/1.75/sample_7.csv,line91_week,wave,1.75,flex_bus:2,func_key:distance_and_weighted_user_times;w_wt:1.0;w_tt:1.0,sample_7,IR_1800_DWT1.0TT1.0_FB_2,8,1.0,1.0,depots.csv,TimeBasedFS,line91.csv
138,1800,10000,RollingHorizon,BasicRequest,1.555,PoolingIRSOnly,ImmediateDecisionsSimulation,0,line91_week/flag/1.75/sample_8/IR_1800_DWT1.0TT1.0_FB_2/,line91_week/flag/1.75/sample_8.csv,line91_week,wave,1.75,flex_bus:2,func_key:distance_and_weighted_user_times;w_wt:1.0;w_tt:1.0,sample_8,IR_1800_DWT1.0TT1.0_FB_2,8,1.0,1.0,depots.csv,TimeBasedFS,line91.csv
139,1800,10000,RollingHorizon,BasicRequest,1.555,PoolingIRSOnly,ImmediateDecisionsSimulation,0,line91_week/flag/1.75/sample_9/IR_1800_DWT1.0TT1.0_FB_2/,line91_week/flag/1.75/sample_9.csv,line91_week,wave,1.75,flex_bus:2,func_key:distance_and_weighted_user_times;w_wt:1.0;w_tt:1.0,sample_9,IR_1800_DWT1.0TT1.0_FB_2,8,1.0,1.0,depots.csv,TimeBasedFS,line91.csv
140,1800,10000,RollingHorizon,BasicRequest,1.0,PoolingIRSOnly,ImmediateDecisionsSimulation,0,line91_week/flag/2.0/sample_0/IR_1800_DWT1.0TT1.0_FB_1/,line91_week/flag/2.0/sample_0.csv,line91_week,wave,2.0,flex_bus:1,func_key:distance_and_weighted_user_times;w_wt:1.0;w_tt:1.0,sample_0,IR_1800_DWT1.0TT1.0_FB_1,8,1.0,1.0,,,
141,1800,10000,RollingHorizon,BasicRequest,1.0,PoolingIRSOnly,ImmediateDecisionsSimulation,0,line91_week/flag/2.0/sample_1/IR_1800_DWT1.0TT1.0_FB_1/,line91_week/flag/2.0/sample_1.csv,line91_week,wave,2.0,flex_bus:1,func_key:distance_and_weighted_user_times;w_wt:1.0;w_tt:1.0,sample_1,IR_1800_DWT1.0TT1.0_FB_1,8,1.0,1.0,,,
142,1800,10000,RollingHorizon,BasicRequest,1.0,PoolingIRSOnly,ImmediateDecisionsSimulation,0,line91_week/flag/2.0/sample_2/IR_1800_DWT1.0TT1.0_FB_1/,line91_week/flag/2.0/sample_2.csv,line91_week,wave,2.0,flex_bus:1,func_key:distance_and_weighted_user_times;w_wt:1.0;w_tt:1.0,sample_2,IR_1800_DWT1.0TT1.0_FB_1,8,1.0,1.0,,,
143,1800,10000,RollingHorizon,BasicRequest,1.0,PoolingIRSOnly,ImmediateDecisionsSimulation,0,line91_week/flag/2.0/sample_3/IR_1800_DWT1.0TT1.0_FB_1/,line91_week/flag/2.0/sample_3.csv,line91_week,wave,2.0,flex_bus:1,func_key:distance_and_weighted_user_times;w_wt:1.0;w_tt:1.0,sample_3,IR_1800_DWT1.0TT1.0_FB_1,8,1.0,1.0,,,
144,1800,10000,RollingHorizon,BasicRequest,1.0,PoolingIRSOnly,ImmediateDecisionsSimulation,0,line91_week/flag/2.0/sample_4/IR_1800_DWT1.0TT1.0_FB_1/,line91_week/flag/2.0/sample_4.csv,line91_week,wave,2.0,flex_bus:1,func_key:distance_and_weighted_user_times;w_wt:1.0;w_tt:1.0,sample_4,IR_1800_DWT1.0TT1.0_FB_1,8,1.0,1.0,,,
145,1800,10000,RollingHorizon,BasicRequest,1.0,PoolingIRSOnly,ImmediateDecisionsSimulation,0,line91_week/flag/2.0/sample_5/IR_1800_DWT1.0TT1.0_FB_1/,line91_week/flag/2.0/sample_5.csv,line91_week,wave,2.0,flex_bus:1,func_key:distance_and_weighted_user_times;w_wt:1.0;w_tt:1.0,sample_5,IR_1800_DWT1.0TT1.0_FB_1,8,1.0,1.0,,,
146,1800,10000,RollingHorizon,BasicRequest,1.0,PoolingIRSOnly,ImmediateDecisionsSimulation,0,line91_week/flag/2.0/sample_6/IR_1800_DWT1.0TT1.0_FB_1/,line91_week/flag/2.0/sample_6.csv,line91_week,wave,2.0,flex_bus:1,func_key:distance_and_weighted_user_times;w_wt:1.0;w_tt:1.0,sample_6,IR_1800_DWT1.0TT1.0_FB_1,8,1.0,1.0,,,
147,1800,10000,RollingHorizon,BasicRequest,1.0,PoolingIRSOnly,ImmediateDecisionsSimulation,0,line91_week/flag/2.0/sample_7/IR_1800_DWT1.0TT1.0_FB_1/,line91_week/flag/2.0/sample_7.csv,line91_week,wave,2.0,flex_bus:1,func_key:distance_and_weighted_user_times;w_wt:1.0;w_tt:1.0,sample_7,IR_1800_DWT1.0TT1.0_FB_1,8,1.0,1.0,,,
148,1800,10000,RollingHorizon,BasicRequest,1.0,PoolingIRSOnly,ImmediateDecisionsSimulation,0,line91_week/flag/2.0/sample_8/IR_1800_DWT1.0TT1.0_FB_1/,line91_week/flag/2.0/sample_8.csv,line91_week,wave,2.0,flex_bus:1,func_key:distance_and_weighted_user_times;w_wt:1.0;w_tt:1.0,sample_8,IR_1800_DWT1.0TT1.0_FB_1,8,1.0,1.0,,,
149,1800,10000,RollingHorizon,BasicRequest,1.0,PoolingIRSOnly,ImmediateDecisionsSimulation,0,line91_week/flag/2.0/sample_9/IR_1800_DWT1.0TT1.0_FB_1/,line91_week/flag/2.0/sample_9.csv,line91_week,wave,2.0,flex_bus:1,func_key:distance_and_weighted_user_times;w_wt:1.0;w_tt:1.0,sample_9,IR_1800_DWT1.0TT1.0_FB_1,8,1.0,1.0,,,
150,1800,10000,RollingHorizon,BasicRequest,1.555,PoolingIRSOnly,ImmediateDecisionsSimulation,0,line91_week/flag/2.0/sample_0/IR_1800_DWT1.0TT1.0_FB_2/,line91_week/flag/2.0/sample_0.csv,line91_week,wave,2.0,flex_bus:2,func_key:distance_and_weighted_user_times;w_wt:1.0;w_tt:1.0,sample_0,IR_1800_DWT1.0TT1.0_FB_2,8,1.0,1.0,depots.csv,TimeBasedFS,line91.csv
151,1800,10000,RollingHorizon,BasicRequest,1.555,PoolingIRSOnly,ImmediateDecisionsSimulation,0,line91_week/flag/2.0/sample_1/IR_1800_DWT1.0TT1.0_FB_2/,line91_week/flag/2.0/sample_1.csv,line91_week,wave,2.0,flex_bus:2,func_key:distance_and_weighted_user_times;w_wt:1.0;w_tt:1.0,sample_1,IR_1800_DWT1.0TT1.0_FB_2,8,1.0,1.0,depots.csv,TimeBasedFS,line91.csv
152,1800,10000,RollingHorizon,BasicRequest,1.555,PoolingIRSOnly,ImmediateDecisionsSimulation,0,line91_week/flag/2.0/sample_2/IR_1800_DWT1.0TT1.0_FB_2/,line91_week/flag/2.0/sample_2.csv,line91_week,wave,2.0,flex_bus:2,func_key:distance_and_weighted_user_times;w_wt:1.0;w_tt:1.0,sample_2,IR_1800_DWT1.0TT1.0_FB_2,8,1.0,1.0,depots.csv,TimeBasedFS,line91.csv
153,1800,10000,RollingHorizon,BasicRequest,1.555,PoolingIRSOnly,ImmediateDecisionsSimulation,0,line91_week/flag/2.0/sample_3/IR_1800_DWT1.0TT1.0_FB_2/,line91_week/flag/2.0/sample_3.csv,line91_week,wave,2.0,flex_bus:2,func_key:distance_and_weighted_user_times;w_wt:1.0;w_tt:1.0,sample_3,IR_1800_DWT1.0TT1.0_FB_2,8,1.0,1.0,depots.csv,TimeBasedFS,line91.csv
154,1800,10000,RollingHorizon,BasicRequest,1.555,PoolingIRSOnly,ImmediateDecisionsSimulation,0,line91_week/flag/2.0/sample_4/IR_1800_DWT1.0TT1.0_FB_2/,line91_week/flag/2.0/sample_4.csv,line91_week,wave,2.0,flex_bus:2,func_key:distance_and_weighted_user_times;w_wt:1.0;w_tt:1.0,sample_4,IR_1800_DWT1.0TT1.0_FB_2,8,1.0,1.0,depots.csv,TimeBasedFS,line91.csv
155,1800,10000,RollingHorizon,BasicRequest,1.555,PoolingIRSOnly,ImmediateDecisionsSimulation,0,line91_week/flag/2.0/sample_5/IR_1800_DWT1.0TT1.0_FB_2/,line91_week/flag/2.0/sample_5.csv,line91_week,wave,2.0,flex_bus:2,func_key:distance_and_weighted_user_times;w_wt:1.0;w_tt:1.0,sample_5,IR_1800_DWT1.0TT1.0_FB_2,8,1.0,1.0,depots.csv,TimeBasedFS,line91.csv
156,1800,10000,RollingHorizon,BasicRequest,1.555,PoolingIRSOnly,ImmediateDecisionsSimulation,0,line91_week/flag/2.0/sample_6/IR_1800_DWT1.0TT1.0_FB_2/,line91_week/flag/2.0/sample_6.csv,line91_week,wave,2.0,flex_bus:2,func_key:distance_and_weighted_user_times;w_wt:1.0;w_tt:1.0,sample_6,IR_1800_DWT1.0TT1.0_FB_2,8,1.0,1.0,depots.csv,TimeBasedFS,line91.csv
157,1800,10000,RollingHorizon,BasicRequest,1.555,PoolingIRSOnly,ImmediateDecisionsSimulation,0,line91_week/flag/2.0/sample_7/IR_1800_DWT1.0TT1.0_FB_2/,line91_week/flag/2.0/sample_7.csv,line91_week,wave,2.0,flex_bus:2,func_key:distance_and_weighted_user_times;w_wt:1.0;w_tt:1.0,sample_7,IR_1800_DWT1.0TT1.0_FB_2,8,1.0,1.0,depots.csv,TimeBasedFS,line91.csv
158,1800,10000,RollingHorizon,BasicRequest,1.555,PoolingIRSOnly,ImmediateDecisionsSimulation,0,line91_week/flag/2.0/sample_8/IR_1800_DWT1.0TT1.0_FB_2/,line91_week/flag/2.0/sample_8.csv,line91_week,wave,2.0,flex_bus:2,func_key:distance_and_weighted_user_times;w_wt:1.0;w_tt:1.0,sample_8,IR_1800_DWT1.0TT1.0_FB_2,8,1.0,1.0,depots.csv,TimeBasedFS,line91.csv
159,1800,10000,RollingHorizon,BasicRequest,1.555,PoolingIRSOnly,ImmediateDecisionsSimulation,0,line91_week/flag/2.0/sample_9/IR_1800_DWT1.0TT1.0_FB_2/,line91_week/flag/2.0/sample_9.csv,line91_week,wave,2.0,flex_bus:2,func_key:distance_and_weighted_user_times;w_wt:1.0;w_tt:1.0,sample_9,IR_1800_DWT1.0TT1.0_FB_2,8,1.0,1.0,depots.csv,TimeBasedFS,line91.csv
